"","nuRepos","startDates","endDates","ginis","endLOCs","uniqueAuthors"
"1","spring-projects/spring-framework",2009-09-07,2009-09-07,0,244720,1
"2","spring-projects/spring-framework",2009-12-15,2009-12-15,0,253907,1
"3","spring-projects/spring-framework",2011-06-28,2011-07-27,0,299253,1
"4","spring-projects/spring-framework",2011-12-03,2011-12-09,0.166666666666667,306474,1
"5","spring-projects/spring-framework",2012-09-28,2012-09-28,0,326370,1
"6","spring-projects/spring-framework",2014-11-24,2014-11-24,0,400317,1
"7","spring-projects/spring-framework",2015-08-27,2015-08-27,0,433154,1
"8","spring-projects/spring-framework",2016-12-18,2016-12-18,0,448428,1
"9","spring-projects/spring-framework",2017-05-27,2017-08-24,0.916031960720338,477325,8
"10","spring-projects/spring-framework",2017-09-01,2017-11-26,0.574168797953965,483758,5
"11","spring-projects/spring-framework",2017-12-01,2018-02-28,0.3364185110664,486471,5
"12","spring-projects/spring-framework",2018-03-08,2018-06-06,0.502207062600322,492556,7
"13","spring-projects/spring-framework",2018-06-08,2018-09-05,0.685664112388251,501361,9
"14","spring-projects/spring-framework",2018-09-07,2018-12-05,0.475314392175128,506247,5
"15","spring-projects/spring-framework",2018-12-07,2019-03-07,0.697324414715719,507713,10
"16","spring-projects/spring-framework",2019-03-08,2019-06-06,0.698968352049864,528221,11
"17","spring-projects/spring-framework",2019-06-11,2019-09-06,0.610762800417973,553166,7
"18","spring-projects/spring-framework",2019-09-12,2019-12-10,0.660837307896132,538699,10
"19","spring-projects/spring-framework",2019-12-12,2020-03-11,0.494054054054054,541297,10
"20","spring-projects/spring-framework",2020-03-12,2020-06-10,0.605578417924098,546659,9
"21","spring-projects/spring-framework",2020-06-11,2020-07-27,0.633333333333333,555842,10
"22","eclipse/deeplearning4j",2019-06-06,2019-09-04,0.903083579800635,453816,6
"23","eclipse/deeplearning4j",2019-09-09,2019-12-05,0.633494363929146,455509,6
"24","eclipse/deeplearning4j",2019-12-09,2020-03-06,0.540540540540541,456421,6
"25","eclipse/deeplearning4j",2020-03-09,2020-06-05,0.636387163561076,470322,9
"26","eclipse/deeplearning4j",2020-07-26,2020-07-26,0,472382,1
"27","airbnb/lottie-android",2016-10-10,2016-12-06,0.166666666666667,3967,1
"28","airbnb/lottie-android",2017-02-15,2017-05-09,0.415441176470588,5862,4
"29","airbnb/lottie-android",2017-05-29,2017-08-27,0.474747474747475,6811,1
"30","airbnb/lottie-android",2017-08-29,2017-08-29,0,6810,1
"31","airbnb/lottie-android",2017-12-12,2018-03-11,0.516483516483516,8949,1
"32","airbnb/lottie-android",2018-05-07,2018-07-26,0.432,9773,1
"33","airbnb/lottie-android",2018-08-08,2018-09-23,0.257142857142857,10014,2
"34","airbnb/lottie-android",2018-12-09,2019-03-03,0.666666666666667,10240,2
"35","airbnb/lottie-android",2019-03-10,2019-05-30,0.296296296296296,12038,1
"36","airbnb/lottie-android",2019-06-22,2019-06-22,0,12062,1
"37","airbnb/lottie-android",2019-09-23,2019-11-30,0.346153846153846,12477,3
"38","airbnb/lottie-android",2020-01-05,2020-03-02,0.392857142857143,12547,2
"39","bazelbuild/bazel",2015-02-10,2015-05-08,0.810012437810945,145127,10
"40","bazelbuild/bazel",2015-05-14,2015-08-12,0.407407407407407,166832,7
"41","bazelbuild/bazel",2015-08-19,2015-11-16,0.439324116743472,197547,15
"42","bazelbuild/bazel",2015-11-18,2016-02-10,0.332768361581921,225059,15
"43","bazelbuild/bazel",2016-02-18,2016-05-16,0.3552,246668,9
"44","bazelbuild/bazel",2016-05-19,2016-08-15,0.45409604519774,276242,11
"45","bazelbuild/bazel",2016-08-23,2016-11-15,0.348039215686274,296913,17
"46","bazelbuild/bazel",2016-11-29,2017-02-27,0.453333333333334,318408,17
"47","bazelbuild/bazel",2017-03-08,2017-06-02,0.313508064516129,413244,16
"48","bazelbuild/bazel",2017-06-08,2017-09-05,0.472881355932204,442461,26
"49","bazelbuild/bazel",2017-09-14,2017-12-13,0.380208333333334,510081,22
"50","bazelbuild/bazel",2017-12-14,2018-03-13,0.380173160173161,531942,28
"51","bazelbuild/bazel",2018-03-15,2018-06-13,0.48340138469732,548145,32
"52","bazelbuild/bazel",2018-06-15,2018-09-13,0.414591194968555,560033,29
"53","bazelbuild/bazel",2018-09-14,2018-12-13,0.408716449641243,581412,24
"54","bazelbuild/bazel",2018-12-14,2019-03-11,0.469610277447911,594235,26
"55","bazelbuild/bazel",2019-03-15,2019-06-13,0.460456730769231,609002,29
"56","bazelbuild/bazel",2019-06-14,2019-09-12,0.407445181030086,619176,19
"57","bazelbuild/bazel",2019-09-13,2019-12-12,0.415984115165053,627688,28
"58","bazelbuild/bazel",2019-12-16,2020-03-13,0.372340425531913,598741,25
"59","bazelbuild/bazel",2020-03-19,2020-06-16,0.468628598797295,608607,29
"60","bazelbuild/bazel",2020-06-22,2020-07-27,0.596005917159763,611168,18
"61","elastic/elasticsearch",2010-02-20,2010-02-20,0,70641,1
"62","elastic/elasticsearch",2010-11-02,2011-01-17,0.25,117695,1
"63","elastic/elasticsearch",2011-03-14,2011-03-14,0,125015,1
"64","elastic/elasticsearch",2011-08-24,2011-10-31,0.416666666666667,161560,2
"65","elastic/elasticsearch",2011-12-06,2012-02-20,0.410714285714286,166396,1
"66","elastic/elasticsearch",2012-04-29,2012-07-08,0.119047619047619,180274,2
"67","elastic/elasticsearch",2012-09-07,2012-09-26,0.166666666666667,188042,1
"68","elastic/elasticsearch",2013-01-07,2013-04-07,0.571428571428571,210830,3
"69","elastic/elasticsearch",2013-04-16,2013-07-03,0.56140350877193,224556,2
"70","elastic/elasticsearch",2013-08-21,2013-11-08,0.233333333333333,257337,4
"71","elastic/elasticsearch",2013-12-11,2014-02-16,0.1875,308134,4
"72","elastic/elasticsearch",2014-03-21,2014-05-21,0.166666666666667,331437,3
"73","elastic/elasticsearch",2014-06-28,2014-07-18,0,328458,2
"74","elastic/elasticsearch",2014-10-06,2014-12-29,0.196969696969697,348209,6
"75","elastic/elasticsearch",2015-01-30,2015-04-29,0.457786116322702,29971,7
"76","elastic/elasticsearch",2015-05-01,2015-07-22,0.31996855345912,383310,8
"77","elastic/elasticsearch",2015-08-03,2015-10-30,0.398809523809524,73228,13
"78","elastic/elasticsearch",2015-11-03,2016-02-01,0.504273504273505,431881,9
"79","elastic/elasticsearch",2016-02-04,2016-04-21,0.375168690958164,457628,9
"80","elastic/elasticsearch",2016-05-06,2016-08-04,0.464983164983165,102104,14
"81","elastic/elasticsearch",2016-08-05,2016-10-31,0.522727272727272,502539,15
"82","elastic/elasticsearch",2016-11-04,2017-02-02,0.506565656565656,519011,17
"83","elastic/elasticsearch",2017-02-03,2017-05-04,0.324,537122,15
"84","elastic/elasticsearch",2017-05-10,2017-08-08,0.296066252587991,204466,12
"85","elastic/elasticsearch",2017-08-11,2017-11-06,0.474193548387097,577716,8
"86","elastic/elasticsearch",2017-11-13,2018-02-09,0.432592592592593,604075,14
"87","elastic/elasticsearch",2018-02-23,2018-05-23,0.256896551724139,877632,14
"88","elastic/elasticsearch",2018-05-29,2018-08-23,0.51516410469464,938161,15
"89","elastic/elasticsearch",2018-09-01,2018-11-29,0.415213358070501,1045670,26
"90","elastic/elasticsearch",2018-12-04,2019-03-04,0.43423645320197,1129109,31
"91","elastic/elasticsearch",2019-03-08,2019-06-05,0.416363636363637,1160000,17
"92","elastic/elasticsearch",2019-06-11,2019-09-09,0.514471544715448,1226616,19
"93","elastic/elasticsearch",2019-09-15,2019-12-11,0.498929565403554,1279886,23
"94","elastic/elasticsearch",2019-12-17,2020-03-16,0.467391304347826,1338325,25
"95","elastic/elasticsearch",2020-03-17,2020-06-15,0.692549499897938,1423329,30
"96","elastic/elasticsearch",2020-06-16,2020-07-27,0.530271639042358,1460161,23
"97","eclipse-vertx/vert.x",2015-10-26,2015-10-26,0,51088,1
"98","eclipse-vertx/vert.x",2016-02-08,2016-03-30,0.288235294117647,61422,1
"99","eclipse-vertx/vert.x",2017-02-20,2017-05-17,0.0952380952380951,77509,2
"100","eclipse-vertx/vert.x",2017-08-30,2017-08-30,0,80282,1
"101","eclipse-vertx/vert.x",2018-03-31,2018-03-31,0,84579,1
"102","eclipse-vertx/vert.x",2018-11-04,2018-11-04,0,85485,1
"103","eclipse-vertx/vert.x",2019-03-18,2019-06-13,0.282051282051282,90878,2
"104","eclipse-vertx/vert.x",2019-07-31,2019-10-29,0.136363636363636,94050,1
"105","eclipse-vertx/vert.x",2019-11-17,2019-12-04,0.366666666666667,94356,1
"106","eclipse-vertx/vert.x",2020-04-11,2020-07-07,0.166666666666667,97531,2
"107","halo-dev/halo",2019-02-19,2019-05-20,0.489244186046513,13199,2
"108","halo-dev/halo",2019-05-24,2019-08-22,0.425000000000001,14913,3
"109","halo-dev/halo",2019-08-28,2019-11-18,0.512626262626263,16410,2
"110","halo-dev/halo",2019-11-29,2020-02-27,0.515909793018226,20787,7
"111","halo-dev/halo",2020-03-01,2020-05-15,0.433333333333333,20886,3
"112","halo-dev/halo",2020-06-08,2020-07-14,0.543157894736842,21606,3
"113","google/guava",2009-09-15,2009-09-15,0,4751,1
"114","google/guava",2010-01-05,2010-01-05,0.425287356321839,17608,1
"115","google/guava",2010-04-08,2010-06-04,0.590579710144927,22578,2
"116","google/guava",2010-07-27,2010-10-12,0.556255625562556,34703,2
"117","google/guava",2011-02-08,2011-05-06,0.4,39142,2
"118","google/guava",2011-05-11,2011-08-01,0.408668730650155,45345,1
"119","google/guava",2011-08-12,2011-11-09,0.596530920060331,112547,2
"120","google/guava",2011-12-05,2012-03-02,0.408163265306122,119690,3
"121","google/guava",2012-03-05,2012-05-08,0.43859649122807,126752,4
"122","google/guava",2012-06-11,2012-09-07,0.334688346883468,146465,4
"123","google/guava",2012-09-18,2012-12-13,0.560177917320774,160323,4
"124","google/guava",2012-12-20,2013-03-18,0.406926406926407,162583,5
"125","google/guava",2013-03-27,2013-06-25,0.222222222222222,202214,4
"126","google/guava",2013-06-28,2013-09-18,0.119047619047619,203704,3
"127","google/guava",2013-10-25,2013-12-30,0.452173913043478,206426,2
"128","google/guava",2014-02-06,2014-04-09,0.133333333333333,208525,2
"129","google/guava",2014-05-23,2014-08-05,0,209790,2
"130","google/guava",2014-09-15,2014-12-04,0.416666666666667,211593,5
"131","google/guava",2014-12-23,2015-03-23,0.3875,216636,5
"132","google/guava",2015-03-26,2015-06-03,0.306122448979592,219703,4
"133","google/guava",2015-06-30,2015-09-28,0.222222222222222,223055,5
"134","google/guava",2015-09-29,2015-12-14,0.290909090909091,193631,4
"135","google/guava",2016-01-20,2016-04-19,0.712885154061625,196736,4
"136","google/guava",2016-04-26,2016-07-13,0.373626373626374,196097,6
"137","google/guava",2016-07-26,2016-09-30,0.565454545454545,197541,4
"138","google/guava",2016-11-03,2017-01-19,0.481220657276995,202869,5
"139","google/guava",2017-03-28,2017-06-21,0.34,387076,6
"140","google/guava",2017-07-05,2017-09-19,0.668571428571429,391903,4
"141","google/guava",2017-10-05,2018-01-03,0.922143579373104,406809,5
"142","google/guava",2018-01-05,2018-03-23,0.373456790123457,410285,5
"143","google/guava",2018-05-03,2018-07-09,0.738361266294227,410618,4
"144","google/guava",2018-08-13,2018-10-25,0.466666666666667,412882,3
"145","google/guava",2019-02-14,2019-03-21,0.468085106382979,413568,2
"146","google/guava",2019-05-30,2019-08-13,0.189473684210526,413995,4
"147","google/guava",2019-08-29,2019-11-27,0.453846153846154,416275,3
"148","google/guava",2019-12-17,2020-03-02,0.776756756756757,417701,7
"149","google/guava",2020-04-23,2020-07-13,0.3125,420217,4
"150","google/ExoPlayer",2017-03-15,2017-06-13,0.343137254901961,59935,3
"151","google/ExoPlayer",2017-06-20,2017-08-29,0.44,67879,7
"152","google/ExoPlayer",2017-09-20,2017-12-13,0.344863731656185,76772,6
"153","google/ExoPlayer",2017-12-22,2018-03-20,0.35959595959596,88295,7
"154","google/ExoPlayer",2018-03-26,2018-06-22,0.664342415790603,97254,7
"155","google/ExoPlayer",2018-06-27,2018-09-20,0.620958021970454,108685,10
"156","google/ExoPlayer",2018-09-28,2018-12-17,0.512777777777778,115532,11
"157","google/ExoPlayer",2019-01-03,2019-04-02,0.474087784241142,122487,7
"158","google/ExoPlayer",2019-04-05,2019-07-04,0.48943293576062,127359,9
"159","google/ExoPlayer",2019-07-05,2019-10-03,0.646471346968859,129224,14
"160","google/ExoPlayer",2019-10-04,2020-01-02,0.566086757176699,133340,10
"161","google/ExoPlayer",2020-01-03,2020-03-30,0.535353535353535,135479,8
"162","google/ExoPlayer",2020-04-07,2020-06-17,0.442857142857143,137170,6
"163","skylot/jadx",2014-11-03,2015-01-26,0.276923076923077,28420,1
"164","skylot/jadx",2015-02-07,2015-04-05,0.15,29104,1
"165","skylot/jadx",2015-05-31,2015-08-09,0.303571428571429,32075,1
"166","skylot/jadx",2015-09-05,2015-09-05,0,32405,1
"167","skylot/jadx",2016-03-13,2016-03-27,0.133333333333333,33555,1
"168","skylot/jadx",2018-01-15,2018-04-14,0.257575757575757,34466,1
"169","skylot/jadx",2018-04-22,2018-07-21,0.327272727272727,36389,1
"170","skylot/jadx",2018-07-28,2018-09-08,0.515151515151515,37006,2
"171","skylot/jadx",2018-10-28,2019-01-24,0.282352941176471,39924,1
"172","skylot/jadx",2019-02-04,2019-05-05,0.421652421652422,44490,2
"173","skylot/jadx",2019-05-06,2019-08-03,0.401360544217686,47585,3
"174","skylot/jadx",2019-08-08,2019-10-30,0.319327731092437,48211,1
"175","skylot/jadx",2019-11-24,2020-02-04,0.546938775510204,49948,3
"176","skylot/jadx",2020-03-16,2020-06-06,0.685810810810811,55433,1
"177","skylot/jadx",2020-07-20,2020-07-20,0,55488,1
"178","square/retrofit",2017-05-08,2017-05-25,0.60952380952381,14200,1
"179","square/retrofit",2018-01-14,2018-03-31,0.222222222222222,15121,4
"180","square/retrofit",2018-06-16,2018-09-11,0.3,16304,1
"181","square/retrofit",2018-09-19,2018-11-16,0.570212765957447,15991,3
"182","square/retrofit",2019-01-22,2019-04-09,0.304761904761905,16540,2
"183","square/retrofit",2019-06-23,2019-06-23,0,16423,1
"184","square/retrofit",2019-12-16,2020-03-11,0.375,16534,3
"185","square/retrofit",2020-04-17,2020-04-17,0,19046,1
"186","openzipkin/zipkin",2015-11-04,2015-11-12,0.3,3311,1
"187","openzipkin/zipkin",2016-03-23,2016-05-17,0.321428571428571,11631,1
"188","openzipkin/zipkin",2017-08-06,2017-10-27,0.397435897435897,33547,2
"189","openzipkin/zipkin",2017-11-10,2018-01-23,0.544117647058824,35418,1
"190","openzipkin/zipkin",2018-04-16,2018-07-15,0.472826086956522,28083,1
"191","openzipkin/zipkin",2018-11-17,2019-01-07,0.25,29955,1
"192","openzipkin/zipkin",2019-04-14,2019-05-15,0.397540983606557,31407,2
"193","openzipkin/zipkin",2019-07-14,2019-09-24,0.330882352941176,36590,2
"194","openzipkin/zipkin",2020-03-06,2020-06-04,0.166666666666667,37323,3
"195","openzipkin/zipkin",2020-07-04,2020-07-12,0.0454545454545455,37382,1
"196","dbeaver/dbeaver",2013-12-21,2014-03-21,0.686111111111111,133193,1
"197","dbeaver/dbeaver",2014-03-23,2014-06-21,0.589567430025445,136245,1
"198","dbeaver/dbeaver",2014-06-28,2014-09-20,0.485714285714286,137261,1
"199","dbeaver/dbeaver",2014-11-05,2015-01-17,0.375,138632,1
"200","dbeaver/dbeaver",2015-02-05,2015-04-21,0.555648816518382,136746,1
"201","dbeaver/dbeaver",2015-05-13,2015-07-28,0.779398206353198,140545,1
"202","dbeaver/dbeaver",2015-08-18,2015-11-15,0.674157303370786,142131,4
"203","dbeaver/dbeaver",2015-11-17,2016-02-15,0.716133843076449,151414,3
"204","dbeaver/dbeaver",2016-02-16,2016-05-15,0.623256496843341,156525,4
"205","dbeaver/dbeaver",2016-05-17,2016-07-18,0.675897208684094,159713,2
"206","dbeaver/dbeaver",2016-08-18,2016-11-15,0.670181818181817,171556,4
"207","dbeaver/dbeaver",2016-11-24,2017-02-20,0.464003770472488,178656,4
"208","dbeaver/dbeaver",2017-02-25,2017-05-20,0.534687435668703,186171,4
"209","dbeaver/dbeaver",2017-05-28,2017-08-16,0.488577745025792,189575,2
"210","dbeaver/dbeaver",2017-09-08,2017-12-03,0.435185185185184,197742,2
"211","dbeaver/dbeaver",2017-12-21,2018-03-21,0.422847399829497,209552,3
"212","dbeaver/dbeaver",2018-03-25,2018-06-23,0.468200523756078,215464,5
"213","dbeaver/dbeaver",2018-06-24,2018-09-05,0.488027069234773,222097,3
"214","dbeaver/dbeaver",2018-09-27,2018-12-24,0.531321310268678,233390,5
"215","dbeaver/dbeaver",2018-12-30,2019-03-27,0.459365190094175,247977,4
"216","dbeaver/dbeaver",2019-03-31,2019-06-29,0.471182795698924,258485,5
"217","dbeaver/dbeaver",2019-07-02,2019-09-29,0.6221394929069,272152,5
"218","dbeaver/dbeaver",2019-10-01,2019-12-30,0.556517653376291,280171,4
"219","dbeaver/dbeaver",2019-12-31,2020-03-30,0.614960446225954,288143,6
"220","dbeaver/dbeaver",2020-04-01,2020-06-30,0.580156332422193,295041,7
"221","dbeaver/dbeaver",2020-07-03,2020-07-27,0.61437908496732,296370,5
"222","signalapp/Signal-Android",2015-03-11,2015-06-09,0.241758241758242,35973,2
"223","signalapp/Signal-Android",2015-06-11,2015-09-09,0.452631578947369,39747,3
"224","signalapp/Signal-Android",2015-09-15,2015-12-11,0.531859358206664,48722,5
"225","signalapp/Signal-Android",2015-12-18,2016-02-05,0.480874316939891,49329,1
"226","signalapp/Signal-Android",2016-03-23,2016-03-23,0,49670,1
"227","signalapp/Signal-Android",2016-08-01,2016-10-16,0.491666666666667,51948,3
"228","signalapp/Signal-Android",2016-11-01,2017-01-24,0.458968772694263,56132,1
"229","signalapp/Signal-Android",2017-02-02,2017-04-25,0.575609756097561,55996,4
"230","signalapp/Signal-Android",2017-05-08,2017-08-01,0.599439775910364,52148,1
"231","signalapp/Signal-Android",2017-08-07,2017-11-01,0.522007042253521,55175,1
"232","signalapp/Signal-Android",2017-11-08,2018-02-01,0.706976744186047,54230,1
"233","signalapp/Signal-Android",2018-02-07,2018-04-26,0.713528138528138,60013,2
"234","signalapp/Signal-Android",2018-05-10,2018-08-06,0.521739130434783,63910,3
"235","signalapp/Signal-Android",2018-08-09,2018-10-29,0.539977477477477,68628,1
"236","signalapp/Signal-Android",2018-11-08,2019-02-01,0.735633802816902,73195,1
"237","signalapp/Signal-Android",2019-02-07,2019-05-08,0.856120710635191,76432,2
"238","signalapp/Signal-Android",2019-05-09,2019-08-07,0.741940532081378,88128,2
"239","signalapp/Signal-Android",2019-08-09,2019-11-04,0.630553077609276,92413,5
"240","signalapp/Signal-Android",2019-11-08,2020-02-06,0.702487024221455,115707,3
"241","signalapp/Signal-Android",2020-02-07,2020-05-07,0.57452685421995,134643,4
"242","signalapp/Signal-Android",2020-05-08,2020-07-22,0.59196693255096,145840,5
"243","eugenp/tutorials",2014-08-11,2014-08-11,0,12201,1
"244","eugenp/tutorials",2015-10-02,2015-12-15,0.166666666666667,23894,2
"245","eugenp/tutorials",2016-03-11,2016-06-03,0.0833333333333334,30726,1
"246","eugenp/tutorials",2016-06-12,2016-07-31,0.25,43862,3
"247","eugenp/tutorials",2017-02-19,2017-05-19,0.55,109047,4
"248","eugenp/tutorials",2017-08-28,2017-10-22,0.409090909090909,137289,2
"249","eugenp/tutorials",2017-12-14,2018-02-21,0.261904761904762,163464,5
"250","eugenp/tutorials",2018-04-07,2018-05-28,0.0952380952380951,182718,3
"251","eugenp/tutorials",2018-07-17,2018-09-22,0.453781512605042,121380,7
"252","eugenp/tutorials",2018-10-16,2018-11-09,0.453333333333333,233696,5
"253","eugenp/tutorials",2019-02-25,2019-04-25,0.359649122807017,271011,4
"254","eugenp/tutorials",2019-07-16,2019-10-04,0,301610,3
"255","eugenp/tutorials",2019-11-07,2020-01-24,0.203703703703704,320061,6
"256","eugenp/tutorials",2020-03-22,2020-06-07,0.551724137931034,346316,3
"257","Blankj/AndroidUtilCode",2017-05-12,2017-08-01,0.615506329113924,11326,1
"258","Blankj/AndroidUtilCode",2017-09-06,2017-09-30,0.688218390804598,13112,1
"259","Blankj/AndroidUtilCode",2018-01-10,2018-04-10,0.444148936170213,15981,1
"260","Blankj/AndroidUtilCode",2018-04-18,2018-06-29,0.568965517241379,19393,1
"261","Blankj/AndroidUtilCode",2018-07-31,2018-10-16,0.602564102564103,20037,1
"262","Blankj/AndroidUtilCode",2018-10-30,2019-01-28,0.79369918699187,17812,1
"263","Blankj/AndroidUtilCode",2019-02-11,2019-04-28,0.6,19495,1
"264","Blankj/AndroidUtilCode",2019-05-29,2019-08-16,0.668449197860963,24672,2
"265","Blankj/AndroidUtilCode",2019-09-27,2019-11-28,0.443181818181818,29747,1
"266","facebook/fresco",2015-03-23,2015-06-18,0.810828656322219,30911,6
"267","facebook/fresco",2015-07-01,2015-09-24,0.425438596491228,40503,6
"268","facebook/fresco",2015-10-02,2015-12-17,0.360248447204969,42502,4
"269","facebook/fresco",2016-01-11,2016-03-21,0.546546546546546,44574,4
"270","facebook/fresco",2016-04-21,2016-07-20,0.346153846153846,48024,10
"271","facebook/fresco",2016-08-05,2016-10-26,0.359616801768607,53223,7
"272","facebook/fresco",2016-11-11,2017-01-26,0.318268246306859,58941,6
"273","facebook/fresco",2017-02-10,2017-05-11,0.314529914529915,61435,3
"274","facebook/fresco",2017-05-16,2017-08-09,0.375739644970414,60454,6
"275","facebook/fresco",2017-08-23,2017-11-10,0.228260869565217,61227,5
"276","facebook/fresco",2017-12-01,2018-03-01,0.449382716049383,62540,7
"277","facebook/fresco",2018-03-09,2018-06-07,0.625310173697271,63524,4
"278","facebook/fresco",2018-06-13,2018-09-11,0.425451092117759,64903,8
"279","facebook/fresco",2018-09-14,2018-12-07,0.561881188118812,66329,12
"280","facebook/fresco",2018-12-19,2019-03-19,0.726907630522088,69039,4
"281","facebook/fresco",2019-04-02,2019-06-27,0.503196347031964,70879,9
"282","facebook/fresco",2019-07-29,2019-10-25,0.422297297297296,73315,8
"283","facebook/fresco",2019-10-28,2020-01-23,0.492990654205607,74708,9
"284","facebook/fresco",2020-01-27,2020-04-26,0.787657597876576,77122,7
"285","facebook/fresco",2020-04-28,2020-07-10,0.494715073529412,77709,5
"286","facebook/stetho",2015-01-28,2015-04-28,0.52729044834308,9426,4
"287","facebook/stetho",2015-04-30,2015-07-23,0.432432432432432,11386,6
"288","facebook/stetho",2015-07-30,2015-10-05,0.502985074626866,12525,5
"289","facebook/stetho",2016-01-21,2016-02-01,0.166666666666667,13349,1
"290","facebook/stetho",2016-05-27,2016-06-01,0.423076923076923,14193,2
"291","facebook/stetho",2016-12-12,2017-03-12,0.470238095238095,14676,4
"292","facebook/stetho",2017-07-26,2017-07-26,0,14814,1
"293","facebook/stetho",2018-10-10,2018-10-10,0,14984,1
"294","didi/DoraemonKit",2018-12-21,2019-02-22,0.517241379310345,15680,1
"295","didi/DoraemonKit",2019-03-30,2019-06-14,0.577625570776256,20644,3
"296","didi/DoraemonKit",2019-07-02,2019-08-14,0.521739130434783,21416,2
"297","didi/DoraemonKit",2019-10-30,2020-01-12,0.770299145299145,38915,2
"298","didi/DoraemonKit",2020-02-21,2020-05-11,0.584795321637427,44454,1
"299","scwang90/SmartRefreshLayout",2017-06-02,2017-06-26,0.35,11004,2
"300","scwang90/SmartRefreshLayout",2017-10-10,2018-01-07,0.4,15025,2
"301","scwang90/SmartRefreshLayout",2018-01-29,2018-03-23,0.614130434782609,14285,1
"302","scwang90/SmartRefreshLayout",2018-05-29,2018-07-03,0.242424242424242,14339,1
"303","scwang90/SmartRefreshLayout",2018-12-10,2019-01-25,0.45,15426,1
"304","scwang90/SmartRefreshLayout",2019-04-23,2019-05-26,0.0416666666666667,15412,2
"305","scwang90/SmartRefreshLayout",2019-07-23,2019-08-13,0.0512820512820513,15690,1
"306","scwang90/SmartRefreshLayout",2019-12-24,2019-12-24,0,15775,1
"307","scwang90/SmartRefreshLayout",2020-05-27,2020-05-31,0,15990,1
"308","wix/react-native-navigation",2016-07-24,2016-07-24,0,1217,1
"309","wix/react-native-navigation",2016-12-03,2016-12-03,0,5456,1
"310","wix/react-native-navigation",2017-03-26,2017-05-09,0.133333333333334,1969,2
"311","wix/react-native-navigation",2017-07-13,2017-07-13,0,2634,1
"312","wix/react-native-navigation",2017-11-28,2018-02-26,0.37890625,6957,4
"313","wix/react-native-navigation",2018-03-01,2018-05-29,0.197860962566844,10200,1
"314","wix/react-native-navigation",2018-06-04,2018-08-30,0.403654485049834,13456,2
"315","wix/react-native-navigation",2018-09-03,2018-11-04,0.37719298245614,14613,2
"316","wix/react-native-navigation",2018-12-17,2019-03-17,0.3625,15716,1
"317","wix/react-native-navigation",2019-05-21,2019-08-14,0.341013824884793,16643,2
"318","wix/react-native-navigation",2019-08-20,2019-11-13,0,16823,3
"319","wix/react-native-navigation",2019-12-10,2020-03-03,0.437037037037037,15923,2
"320","wix/react-native-navigation",2020-03-26,2020-04-01,0.416666666666667,16168,1
"321","wix/react-native-navigation",2020-07-01,2020-07-07,0.384615384615385,16240,1
"322","bumptech/glide",2015-06-03,2015-08-24,0.533462033462034,30036,4
"323","bumptech/glide",2015-09-04,2015-11-20,0.446428571428571,30436,5
"324","bumptech/glide",2016-03-09,2016-03-09,0,31113,1
"325","bumptech/glide",2016-06-08,2016-07-13,0.0952380952380951,31554,2
"326","bumptech/glide",2017-03-18,2017-04-18,0.337037037037037,34089,3
"327","bumptech/glide",2017-08-04,2017-11-02,0.58321479374111,38950,3
"328","bumptech/glide",2017-11-04,2018-01-30,0.721849124794346,62432,5
"329","bumptech/glide",2018-02-05,2018-04-25,0.769157088122605,63331,6
"330","bumptech/glide",2018-06-22,2018-09-12,0.639130434782609,57181,4
"331","bumptech/glide",2018-10-05,2018-12-21,0.482843137254902,57834,6
"332","bumptech/glide",2019-01-10,2019-03-05,0.166666666666667,57876,2
"333","bumptech/glide",2019-05-01,2019-07-19,0.485714285714286,60460,2
"334","bumptech/glide",2019-08-05,2019-10-31,0.487704918032787,61266,2
"335","bumptech/glide",2019-11-07,2020-01-13,0.25,62461,2
"336","bumptech/glide",2020-03-25,2020-06-01,0.430769230769231,62829,1
"337","bumptech/glide",2020-07-07,2020-07-21,0.214285714285714,63035,1
"338","ReactiveX/RxJava",2017-01-28,2017-04-01,0.641499330655957,193611,8
"339","ReactiveX/RxJava",2017-05-16,2017-06-04,0.214285714285714,194847,1
"340","ReactiveX/RxJava",2017-11-19,2018-02-16,0.416666666666667,200657,5
"341","ReactiveX/RxJava",2018-02-19,2018-05-17,0.377777777777778,218580,4
"342","ReactiveX/RxJava",2018-08-01,2018-08-05,0.25,221656,1
"343","ReactiveX/RxJava",2018-12-19,2019-01-17,0.425925925925926,225120,2
"344","ReactiveX/RxJava",2019-06-13,2019-06-24,0.395833333333333,231441,1
"345","ReactiveX/RxJava",2019-12-03,2020-02-12,0.857021943573668,251408,4
"346","jenkinsci/jenkins",2012-07-05,2012-10-01,0.296296296296296,80058,3
"347","jenkinsci/jenkins",2012-12-05,2013-03-03,0.405228758169935,83303,4
"348","jenkinsci/jenkins",2013-03-22,2013-06-17,0.166666666666667,86940,1
"349","jenkinsci/jenkins",2013-06-26,2013-09-09,0.171428571428571,91042,2
"350","jenkinsci/jenkins",2013-10-22,2013-12-10,0.158730158730158,83098,3
"351","jenkinsci/jenkins",2014-01-27,2014-04-26,0.298941798941799,85361,4
"352","jenkinsci/jenkins",2014-05-04,2014-07-21,0.558620689655173,86545,3
"353","jenkinsci/jenkins",2014-08-18,2014-11-07,0.301449275362319,85543,5
"354","jenkinsci/jenkins",2014-11-17,2015-02-06,0.22,87184,4
"355","jenkinsci/jenkins",2015-03-16,2015-06-14,0.325,91559,9
"356","jenkinsci/jenkins",2015-06-17,2015-09-14,0.208333333333333,92623,6
"357","jenkinsci/jenkins",2015-10-06,2015-10-17,0,93789,3
"358","jenkinsci/jenkins",2016-01-19,2016-04-01,0.344444444444445,92554,5
"359","jenkinsci/jenkins",2016-04-21,2016-07-15,0.476666666666667,99762,6
"360","jenkinsci/jenkins",2016-07-25,2016-10-20,0.317016317016317,102201,7
"361","jenkinsci/jenkins",2016-11-01,2017-01-16,0.291666666666667,105949,6
"362","jenkinsci/jenkins",2017-01-31,2017-04-23,0.325,109934,6
"363","jenkinsci/jenkins",2017-05-02,2017-07-29,0.67595818815331,111158,3
"364","jenkinsci/jenkins",2017-08-19,2017-10-30,0.221153846153846,112027,6
"365","jenkinsci/jenkins",2017-11-19,2018-02-05,0.466666666666667,116436,5
"366","jenkinsci/jenkins",2018-02-19,2018-04-29,0.385964912280701,118628,4
"367","jenkinsci/jenkins",2018-05-26,2018-08-02,0.221153846153846,122185,5
"368","jenkinsci/jenkins",2018-09-22,2018-11-22,0.431818181818182,128207,6
"369","jenkinsci/jenkins",2019-01-03,2019-04-02,0.171428571428571,127381,5
"370","jenkinsci/jenkins",2019-04-12,2019-07-05,0.25,128620,4
"371","jenkinsci/jenkins",2019-08-01,2019-10-25,0.456521739130435,130311,6
"372","jenkinsci/jenkins",2019-10-31,2020-01-29,0.335164835164835,130965,10
"373","jenkinsci/jenkins",2020-02-06,2020-05-05,0.93294434470377,134383,11
"374","jenkinsci/jenkins",2020-05-10,2020-07-21,0.463942307692307,136939,8
"375","apache/flink",2014-09-30,2014-09-30,0,151299,1
"376","apache/flink",2016-04-05,2016-07-01,0.287878787878788,303047,2
"377","apache/flink",2016-07-20,2016-10-14,0.311111111111111,368260,3
"378","apache/flink",2016-11-10,2017-01-30,0.622727272727273,392612,5
"379","apache/flink",2017-02-14,2017-05-10,0.26218487394958,435006,7
"380","apache/flink",2017-05-17,2017-08-15,0.404761904761905,446481,9
"381","apache/flink",2017-08-16,2017-11-08,0.555203619909502,474886,9
"382","apache/flink",2017-11-15,2018-02-13,0.766805472932778,512535,9
"383","apache/flink",2018-02-14,2018-05-15,0.466218785650906,533348,13
"384","apache/flink",2018-05-16,2018-08-09,0.677238805970149,565658,13
"385","apache/flink",2018-08-15,2018-11-12,0.645232974910394,572155,17
"386","apache/flink",2018-11-14,2019-02-12,0.59080701754386,571875,20
"387","apache/flink",2019-02-13,2019-05-13,0.527122464312548,639536,28
"388","apache/flink",2019-05-15,2019-08-08,0.5276889134032,702151,32
"389","apache/flink",2019-08-16,2019-11-14,0.551871127633209,722225,29
"390","apache/flink",2019-11-15,2020-02-12,0.457758736109252,760943,35
"391","apache/flink",2020-02-15,2020-05-15,0.486941664632656,829762,40
"392","apache/flink",2020-05-16,2020-07-24,0.513724481043059,857665,24
"393","realm/realm-java",2015-12-16,2016-01-07,0.416666666666667,35049,2
"394","realm/realm-java",2017-07-24,2017-10-03,0.73990873990874,69224,5
"395","realm/realm-java",2017-10-23,2018-01-16,0.325,70778,2
"396","realm/realm-java",2018-01-29,2018-04-17,0.546296296296296,74492,3
"397","realm/realm-java",2018-06-25,2018-08-31,0.333333333333333,75820,2
"398","realm/realm-java",2018-09-24,2018-11-05,0.541666666666667,78820,2
"399","realm/realm-java",2019-01-15,2019-03-21,0,79066,1
"400","realm/realm-java",2019-05-01,2019-05-01,0,79264,1
"401","realm/realm-java",2019-08-29,2019-09-30,0.45,74537,1
"402","realm/realm-java",2019-12-12,2019-12-12,0,74781,1
