"","nuRepos","startDates","cumAuthors","cumCommits","cumCheckers","windowAuthors","windowCommits","windowCheckers","ginisCumAuthors","ginisCumCommits","ginisWindowAuthors","ginisWindowCommits"
"1","spring-projects/spring-framework","2008 / 07 / 01",2,105,0,2,105,0,NA,NA,NA,NA
"2","spring-projects/spring-framework","2008 / 10 / 01",9,507,0,9,402,0,NA,NA,NA,NA
"3","spring-projects/spring-framework","2009 / 01 / 01",14,901,0,12,394,0,NA,NA,NA,NA
"4","spring-projects/spring-framework","2009 / 04 / 01",17,1447,0,15,546,0,NA,NA,NA,NA
"5","spring-projects/spring-framework","2009 / 07 / 01",19,2013,2,14,566,2,0.947368421052632,0.999503229011426,0.928571428571428,0.998233215547703
"6","spring-projects/spring-framework","2009 / 10 / 01",21,2676,4,15,663,2,0.952380952380952,0.999252615844544,0.933333333333333,0.998491704374057
"7","spring-projects/spring-framework","2010 / 01 / 01",22,3080,4,16,404,0,0.954545454545455,0.999350649350649,NA,NA
"8","spring-projects/spring-framework","2010 / 04 / 01",23,3328,4,14,248,0,0.956521739130435,0.999399038461539,NA,NA
"9","spring-projects/spring-framework","2010 / 07 / 01",23,3550,4,12,222,0,0.956521739130435,0.99943661971831,NA,NA
"10","spring-projects/spring-framework","2010 / 10 / 01",23,3686,4,10,136,0,0.956521739130435,0.999457406402604,NA,NA
"11","spring-projects/spring-framework","2011 / 01 / 01",24,3874,4,12,188,0,0.958333333333333,0.999483737738772,NA,NA
"12","spring-projects/spring-framework","2011 / 04 / 01",25,4330,5,13,456,1,0.944,0.999399538106236,0.923076923076923,0.99780701754386
"13","spring-projects/spring-framework","2011 / 07 / 01",25,4635,6,9,305,1,0.933333333333333,0.999280834232291,0.888888888888889,0.99672131147541
"14","spring-projects/spring-framework","2011 / 10 / 01",25,4988,9,8,353,3,0.942222222222222,0.998997594226143,0.875,0.995278564683664
"15","spring-projects/spring-framework","2012 / 01 / 01",30,5181,9,12,193,0,0.951851851851852,0.999034935340668,NA,NA
"16","spring-projects/spring-framework","2012 / 04 / 01",42,5383,9,21,202,0,0.965608465608466,0.999071149916404,NA,NA
"17","spring-projects/spring-framework","2012 / 07 / 01",46,5588,9,14,205,0,0.968599033816425,0.999105225483178,NA,NA
"18","spring-projects/spring-framework","2012 / 10 / 01",56,6097,10,20,509,1,0.967857142857143,0.999048712481549,0.95,0.99803536345776
"19","spring-projects/spring-framework","2013 / 01 / 01",65,6581,10,19,484,0,0.972307692307693,0.999118674973408,NA,NA
"20","spring-projects/spring-framework","2013 / 04 / 01",67,6882,10,13,301,0,0.973134328358209,0.999157221737867,NA,NA
"21","spring-projects/spring-framework","2013 / 07 / 01",82,7232,10,27,350,0,0.978048780487805,0.999198008849557,NA,NA
"22","spring-projects/spring-framework","2013 / 10 / 01",85,7684,10,18,452,0,0.978823529411765,0.999245184799584,NA,NA
"23","spring-projects/spring-framework","2014 / 01 / 01",99,8273,10,25,589,0,0.981818181818182,0.99929892421129,NA,NA
"24","spring-projects/spring-framework","2014 / 04 / 01",110,8722,10,27,449,0,0.983636363636364,0.999335014904839,NA,NA
"25","spring-projects/spring-framework","2014 / 07 / 01",117,9325,10,22,603,0,0.984615384615385,0.999378016085791,NA,NA
"26","spring-projects/spring-framework","2014 / 10 / 01",126,9694,11,23,369,1,0.986291486291486,0.999315415345949,0.956521739130435,0.997289972899729
"27","spring-projects/spring-framework","2015 / 01 / 01",139,10035,11,23,341,0,0.987573577501635,0.999338678262445,NA,NA
"28","spring-projects/spring-framework","2015 / 04 / 01",150,10605,11,22,570,0,0.988484848484849,0.9993742231366,NA,NA
"29","spring-projects/spring-framework","2015 / 07 / 01",159,11123,12,24,518,1,0.989517819706499,0.999325721478019,0.958333333333333,0.998069498069498
"30","spring-projects/spring-framework","2015 / 10 / 01",170,11593,12,26,470,0,0.990196078431373,0.999353057879754,NA,NA
"31","spring-projects/spring-framework","2016 / 01 / 01",185,12146,12,33,553,0,0.990990990990991,0.999382512761403,NA,NA
"32","spring-projects/spring-framework","2016 / 04 / 01",197,12683,12,28,537,0,0.991539763113367,0.999408657257746,NA,NA
"33","spring-projects/spring-framework","2016 / 07 / 01",210,13324,12,29,641,0,0.992063492063492,0.999437105974182,NA,NA
"34","spring-projects/spring-framework","2016 / 10 / 01",221,13860,14,27,536,2,0.992889463477699,0.99940218511647,0.962962962962963,0.998134328358209
"35","spring-projects/spring-framework","2017 / 01 / 01",240,14406,14,43,546,0,0.993452380952381,0.999424842823426,NA,NA
"36","spring-projects/spring-framework","2017 / 04 / 01",262,14940,8173,41,534,8159,0.993483010060122,0.999736594733271,0.958391003201612,0.992840102586561
"37","spring-projects/spring-framework","2017 / 07 / 01",277,15438,9897,33,498,1724,0.993309791210479,0.999564427975292,0.949940237643254,0.988687930375795
"38","spring-projects/spring-framework","2017 / 10 / 01",293,15799,10004,31,361,107,0.993590277199701,0.999488324171566,0.941814892975581,0.947420198306883
"39","spring-projects/spring-framework","2018 / 01 / 01",319,16363,10126,48,564,122,0.99404741634713,0.999364977389519,0.95457650273224,0.948668759446575
"40","spring-projects/spring-framework","2018 / 04 / 01",339,16769,10314,37,406,188,0.994227853082816,0.999169635957039,0.933870040253019,0.935881983020648
"41","spring-projects/spring-framework","2018 / 07 / 01",364,17296,10837,41,527,523,0.994567603661449,0.998783808417679,0.957328731987129,0.955362617507374
"42","spring-projects/spring-framework","2018 / 10 / 01",393,17647,10980,46,351,143,0.994814536724185,0.998618670562538,0.91958041958042,0.960133883210806
"43","spring-projects/spring-framework","2019 / 01 / 01",424,18252,11301,51,605,321,0.994898389356093,0.998317894132084,0.930425752855659,0.968656831698464
"44","spring-projects/spring-framework","2019 / 04 / 01",451,18979,11762,49,727,461,0.995028900993126,0.997932813972366,0.92965602726991,0.972976037380613
"45","spring-projects/spring-framework","2019 / 07 / 01",479,19755,12005,49,776,243,0.995187982738577,0.997681692359897,0.922146636432351,0.977138220694922
"46","spring-projects/spring-framework","2019 / 10 / 01",517,20141,12189,66,386,184,0.995409026085447,0.997513008717206,0.952075098814229,0.974966208605542
"47","spring-projects/spring-framework","2020 / 01 / 01",542,20573,12272,46,432,83,0.995498106871551,0.99737487571684,0.908067050811943,0.965612449799197
"48","spring-projects/spring-framework","2020 / 04 / 01",574,21117,12628,57,544,356,0.995505535511484,0.996999116601057,0.936822393061305,0.963514127561137
"49","spring-projects/spring-framework","2020 / 07 / 01",581,21237,12668,18,120,40,0.995520446167366,0.996902140946823,0.891666666666667,0.917916666666667
"50","eclipse/deeplearning4j","2019 / 04 / 01",3,8,1709,3,8,1709,0.65886483323581,0.870904037448801,0.65886483323581,0.870904037448801
"51","eclipse/deeplearning4j","2019 / 07 / 01",17,332,2170,16,324,461,0.898454865817295,0.988851257564821,0.859680043383948,0.968660453656838
"52","eclipse/deeplearning4j","2019 / 10 / 01",30,600,2467,24,268,297,0.923537359816241,0.987653695446562,0.911195286195286,0.968629076838032
"53","eclipse/deeplearning4j","2020 / 01 / 01",37,804,2611,23,204,144,0.925398780626663,0.987635072435601,0.838768115942029,0.973583877995643
"54","eclipse/deeplearning4j","2020 / 04 / 01",44,985,2865,20,181,254,0.923250832936697,0.985579504079518,0.853543307086614,0.959107321529561
"55","eclipse/deeplearning4j","2020 / 07 / 01",48,992,2897,7,7,32,0.926267115406743,0.985200555079225,0.857142857142857,0.857142857142857
"56","airbnb/lottie-android","2016 / 07 / 01",1,1,0,1,1,0,0,0,0,0
"57","airbnb/lottie-android","2016 / 10 / 01",2,304,4,2,303,4,0.5,0.991776315789473,0.5,0.991749174917492
"58","airbnb/lottie-android","2017 / 01 / 01",21,553,46,20,249,42,0.933747412008282,0.985376208821448,0.928571428571429,0.973417479441576
"59","airbnb/lottie-android","2017 / 04 / 01",31,647,82,11,94,36,0.958300550747443,0.973951068722434,0.904040404040404,0.902482269503546
"60","airbnb/lottie-android","2017 / 07 / 01",35,731,112,6,84,30,0.96530612244898,0.977110611686536,0.833333333333333,0.976984126984127
"61","airbnb/lottie-android","2017 / 10 / 01",40,790,145,6,59,33,0.970862068965517,0.977311217808817,0.833333333333333,0.96045197740113
"62","airbnb/lottie-android","2018 / 01 / 01",47,893,164,10,103,19,0.975609756097561,0.9737798049873,0.9,0.927950945324476
"63","airbnb/lottie-android","2018 / 04 / 01",55,934,166,13,41,2,0.979189485213582,0.974046077242589,0.923076923076923,0.951219512195122
"64","airbnb/lottie-android","2018 / 07 / 01",62,1004,203,11,70,37,0.980851740028603,0.971095911918827,0.899262899262899,0.927027027027027
"65","airbnb/lottie-android","2018 / 10 / 01",69,1042,215,8,38,12,0.982271654870239,0.970526268803285,0.854166666666667,0.947368421052631
"66","airbnb/lottie-android","2019 / 01 / 01",71,1082,256,7,40,41,0.983274647887324,0.971103858595194,0.857142857142857,0.948170731707317
"67","airbnb/lottie-android","2019 / 04 / 01",79,1115,263,9,33,7,0.98503152524426,0.970608194513121,0.888888888888889,0.943722943722944
"68","airbnb/lottie-android","2019 / 07 / 01",83,1139,265,7,24,2,0.985769493066606,0.970695910017062,0.857142857142857,0.958333333333333
"69","airbnb/lottie-android","2019 / 10 / 01",86,1173,276,6,34,11,0.984748904617459,0.969297107626922,0.681818181818182,0.906417112299465
"70","airbnb/lottie-android","2020 / 01 / 01",89,1190,290,4,17,14,0.984812088337854,0.967904955085483,0.714285714285714,0.857142857142857
"71","airbnb/lottie-android","2020 / 04 / 01",90,1195,290,3,5,0,0.984980842911877,0.968039243976335,NA,NA
"72","bazelbuild/bazel","2015 / 01 / 01",30,595,186,30,595,186,0.940860215053763,0.996457938013915,0.940860215053763,0.996457938013915
"73","bazelbuild/bazel","2015 / 04 / 01",60,1526,213,56,931,27,0.95735524256651,0.997178791402851,0.931878306878307,0.994072482794287
"74","bazelbuild/bazel","2015 / 07 / 01",83,2703,272,62,1177,59,0.950035435861091,0.99595493025179,0.901312192454893,0.990625405008425
"75","bazelbuild/bazel","2015 / 10 / 01",106,3695,329,67,992,57,0.945432127086081,0.994435098773911,0.886095836606442,0.985374221844936
"76","bazelbuild/bazel","2016 / 01 / 01",134,4818,387,81,1123,58,0.943248871919472,0.992987644309721,0.910600255427842,0.983541621887186
"77","bazelbuild/bazel","2016 / 04 / 01",153,6021,446,71,1203,59,0.944781500043963,0.991981726140871,0.916209119121509,0.984600645279457
"78","bazelbuild/bazel","2016 / 07 / 01",189,7301,524,89,1280,78,0.944525223151177,0.991256034151967,0.920484010371651,0.986738782051282
"79","bazelbuild/bazel","2016 / 10 / 01",210,8447,579,88,1146,55,0.941746854182088,0.991487918266351,0.935330578512397,0.992495636998255
"80","bazelbuild/bazel","2017 / 01 / 01",261,9908,645,110,1461,66,0.947684813923787,0.990779825557922,0.89504132231405,0.984070686329414
"81","bazelbuild/bazel","2017 / 04 / 01",317,11179,694,112,1271,49,0.948099528177528,0.990274580812674,0.920736151603498,0.982771078533695
"82","bazelbuild/bazel","2017 / 07 / 01",352,12771,810,125,1592,116,0.941575476992144,0.989501484362236,0.928275862068966,0.983332611332525
"83","bazelbuild/bazel","2017 / 10 / 01",401,13969,914,136,1198,104,0.940864469024376,0.988468996604396,0.907522624434389,0.976242455374342
"84","bazelbuild/bazel","2018 / 01 / 01",441,15502,1103,122,1533,189,0.93423213951643,0.986504768255571,0.875748113453032,0.967387665365486
"85","bazelbuild/bazel","2018 / 04 / 01",475,16992,1367,111,1490,264,0.934361067262158,0.985215082927283,0.892642642642643,0.971364653243846
"86","bazelbuild/bazel","2018 / 07 / 01",506,18387,1550,122,1395,183,0.935848527349229,0.98420518002726,0.903923676431067,0.971142056916779
"87","bazelbuild/bazel","2018 / 10 / 01",536,19579,1692,109,1192,142,0.936908983451538,0.983675699720237,0.85682904768058,0.975103979582192
"88","bazelbuild/bazel","2019 / 01 / 01",565,20989,1868,113,1410,176,0.937721475810577,0.983068014723329,0.891995172968624,0.974427788523531
"89","bazelbuild/bazel","2019 / 04 / 01",599,22313,2044,117,1324,176,0.941054725913052,0.982505130923727,0.922494172494172,0.973393298544355
"90","bazelbuild/bazel","2019 / 07 / 01",637,23362,2158,122,1049,114,0.943080618573802,0.982232460228857,0.930112165660052,0.97605070827689
"91","bazelbuild/bazel","2019 / 10 / 01",663,24289,2392,108,927,234,0.943586464686209,0.980691054251793,0.890471668249446,0.941277349044338
"92","bazelbuild/bazel","2020 / 01 / 01",695,25331,2618,116,1042,226,0.944391621920186,0.979466726846681,0.882361916386939,0.950053505002291
"93","bazelbuild/bazel","2020 / 04 / 01",744,26534,3062,128,1203,444,0.946764185331112,0.978013223559913,0.910965653153153,0.944601708940862
"94","bazelbuild/bazel","2020 / 07 / 01",753,26754,3202,53,220,140,0.9459003461482,0.977843471438007,0.904043126684636,0.942792207792207
"95","elastic/elasticsearch","2010 / 01 / 01",1,249,1,1,249,1,0,0.995983935742972,0,0.995983935742972
"96","elastic/elasticsearch","2010 / 04 / 01",1,762,1,1,513,0,0,0.998687664041995,0,NA
"97","elastic/elasticsearch","2010 / 07 / 01",3,1259,1,3,497,0,0.666666666666667,0.999205718824464,NA,NA
"98","elastic/elasticsearch","2010 / 10 / 01",6,1669,4,4,410,3,0.833333333333333,0.999101258238466,0.75,0.997560975609756
"99","elastic/elasticsearch","2011 / 01 / 01",12,2084,6,9,415,2,0.916666666666667,0.998560460652591,0.888888888888889,0.995180722891566
"100","elastic/elasticsearch","2011 / 04 / 01",23,2457,6,14,373,0,0.956521739130435,0.998778998778999,NA,NA
"101","elastic/elasticsearch","2011 / 07 / 01",40,2873,14,22,416,8,0.953571428571429,0.998508279051266,0.954545454545455,0.995793269230769
"102","elastic/elasticsearch","2011 / 10 / 01",54,3193,18,22,320,4,0.965020576131687,0.997981696071267,0.931818181818182,0.9921875
"103","elastic/elasticsearch","2012 / 01 / 01",63,3624,43,18,431,25,0.978220745662606,0.997555059294625,0.944444444444444,0.991554524361949
"104","elastic/elasticsearch","2012 / 04 / 01",75,3909,46,22,285,3,0.980289855072464,0.997297207114018,0.924242424242424,0.989473684210526
"105","elastic/elasticsearch","2012 / 07 / 01",83,4140,53,16,231,7,0.982950670606956,0.996622914957616,0.9375,0.982065553494125
"106","elastic/elasticsearch","2012 / 10 / 01",90,4474,53,16,334,0,0.984276729559749,0.996875026357739,NA,NA
"107","elastic/elasticsearch","2013 / 01 / 01",105,4899,61,29,425,8,0.983606557377049,0.996536596628954,0.931034482758621,0.992352941176471
"108","elastic/elasticsearch","2013 / 04 / 01",123,5465,83,31,566,22,0.987559996081889,0.997003935228562,0.967741935483871,0.997269514937359
"109","elastic/elasticsearch","2013 / 07 / 01",141,6402,104,42,937,21,0.982815057283142,0.997383630115588,0.962585034013606,0.998322915078518
"110","elastic/elasticsearch","2013 / 10 / 01",174,7234,114,60,832,10,0.985682597297842,0.997332285649152,0.96,0.996394230769231
"111","elastic/elasticsearch","2014 / 01 / 01",235,8419,120,91,1185,6,0.987021276595744,0.99747396761294,0.974358974358974,0.99803094233474
"112","elastic/elasticsearch","2014 / 04 / 01",302,9302,122,111,883,2,0.989957659320378,0.997599670086814,0.981981981981982,0.997734994337486
"113","elastic/elasticsearch","2014 / 07 / 01",377,10687,130,112,1385,8,0.990777392368904,0.997702456615153,0.975446428571428,0.998014440433213
"114","elastic/elasticsearch","2014 / 10 / 01",459,12173,137,137,1486,7,0.991301305599287,0.997769983947961,0.978102189781022,0.997981157469717
"115","elastic/elasticsearch","2015 / 01 / 01",504,13308,146,91,1135,9,0.990731680800174,0.99767777956199,0.94993894993895,0.995986294664709
"116","elastic/elasticsearch","2015 / 04 / 01",560,15645,221,111,2337,75,0.989633160956691,0.997032865805075,0.968408408408409,0.99312508914563
"117","elastic/elasticsearch","2015 / 07 / 01",614,18556,263,113,2911,42,0.986481465426487,0.996641755262257,0.917825537294564,0.993963782696177
"118","elastic/elasticsearch","2015 / 10 / 01",676,21189,302,125,2633,39,0.986137779693562,0.996664519482337,0.963692307692308,0.996659752451625
"119","elastic/elasticsearch","2016 / 01 / 01",724,23978,353,112,2789,51,0.985737874258526,0.996625211448546,0.953256302521008,0.996266846645435
"120","elastic/elasticsearch","2016 / 04 / 01",780,26478,404,125,2500,51,0.984856562579335,0.996413985382226,0.937098039215686,0.994219607843137
"121","elastic/elasticsearch","2016 / 07 / 01",817,28635,560,107,2157,156,0.9828029375765,0.996206440669503,0.934938892882818,0.991637245462002
"122","elastic/elasticsearch","2016 / 10 / 01",887,30501,657,135,1866,97,0.982708117763947,0.995967245528341,0.939900725467736,0.991994563595982
"123","elastic/elasticsearch","2017 / 01 / 01",950,32254,722,131,1753,65,0.983015016766293,0.99583439757177,0.95713446858485,0.993409100882005
"124","elastic/elasticsearch","2017 / 04 / 01",1005,34322,785,127,2068,63,0.982970497829325,0.995551793672291,0.921634795650544,0.990551410764176
"125","elastic/elasticsearch","2017 / 07 / 01",1043,35740,819,109,1418,34,0.983211525876914,0.995478435013965,0.930922827846735,0.993487098647639
"126","elastic/elasticsearch","2017 / 10 / 01",1086,37077,870,119,1337,51,0.983435998391228,0.995444150244637,0.951392321634536,0.99423643803071
"127","elastic/elasticsearch","2018 / 01 / 01",1140,38560,931,134,1483,61,0.983144892305953,0.995237825966811,0.923782725715683,0.989863259011972
"128","elastic/elasticsearch","2018 / 04 / 01",1183,40172,961,116,1612,30,0.982957489160963,0.995142090882254,0.920114942528736,0.991066997518611
"129","elastic/elasticsearch","2018 / 07 / 01",1228,41786,1046,124,1614,85,0.982017737806814,0.994953024327998,0.927229601518027,0.990094030177127
"130","elastic/elasticsearch","2018 / 10 / 01",1276,43499,1193,138,1713,147,0.979842576996955,0.994403682854852,0.912106871734201,0.980687896875036
"131","elastic/elasticsearch","2019 / 01 / 01",1340,45317,1299,144,1818,106,0.978990153160296,0.99407032315662,0.883647798742137,0.98594765136891
"132","elastic/elasticsearch","2019 / 04 / 01",1394,46804,1404,139,1487,105,0.97878678258879,0.994069406491434,0.935114765330593,0.992231082076408
"133","elastic/elasticsearch","2019 / 07 / 01",1446,48475,1620,146,1671,216,0.978029643290133,0.993944848751113,0.936009639776763,0.986950595119357
"134","elastic/elasticsearch","2019 / 10 / 01",1496,49755,1750,148,1280,130,0.978753246753246,0.993528449402049,0.933160083160083,0.977451923076922
"135","elastic/elasticsearch","2020 / 01 / 01",1562,51521,2018,169,1766,268,0.979611790936628,0.993526363118178,0.943654508522476,0.989401801862714
"136","elastic/elasticsearch","2020 / 04 / 01",1614,53248,2261,146,1727,243,0.979770385947376,0.993171679175845,0.91518687637409,0.981897293291491
"137","elastic/elasticsearch","2020 / 07 / 01",1625,53819,2396,82,571,135,0.979565943238732,0.993068260921945,0.895663956639567,0.977855613932672
"138","eclipse-vertx/vert.x","2013 / 07 / 01",9,74,0,9,74,0,NA,NA,NA,NA
"139","eclipse-vertx/vert.x","2013 / 10 / 01",14,180,0,11,106,0,NA,NA,NA,NA
"140","eclipse-vertx/vert.x","2014 / 01 / 01",25,367,0,19,187,0,NA,NA,NA,NA
"141","eclipse-vertx/vert.x","2014 / 04 / 01",33,514,0,16,147,0,NA,NA,NA,NA
"142","eclipse-vertx/vert.x","2014 / 07 / 01",34,684,0,6,170,0,NA,NA,NA,NA
"143","eclipse-vertx/vert.x","2014 / 10 / 01",37,871,0,9,187,0,NA,NA,NA,NA
"144","eclipse-vertx/vert.x","2015 / 01 / 01",38,1001,0,6,130,0,NA,NA,NA,NA
"145","eclipse-vertx/vert.x","2015 / 04 / 01",51,1251,0,17,250,0,NA,NA,NA,NA
"146","eclipse-vertx/vert.x","2015 / 07 / 01",57,1433,0,12,182,0,NA,NA,NA,NA
"147","eclipse-vertx/vert.x","2015 / 10 / 01",63,1601,37,14,168,37,0.984126984126984,0.999375390381012,0.928571428571428,0.994047619047619
"148","eclipse-vertx/vert.x","2016 / 01 / 01",68,1909,54,8,308,17,0.985294117647059,0.998137477446016,0.875,0.976890756302522
"149","eclipse-vertx/vert.x","2016 / 04 / 01",80,2214,54,19,305,0,0.9875,0.998394058014654,NA,NA
"150","eclipse-vertx/vert.x","2016 / 07 / 01",90,2382,54,15,168,0,0.988888888888889,0.998507323444351,NA,NA
"151","eclipse-vertx/vert.x","2016 / 10 / 01",97,2459,54,13,77,0,0.989690721649485,0.998554064434503,NA,NA
"152","eclipse-vertx/vert.x","2017 / 01 / 01",109,2689,58,20,230,4,0.990192976906043,0.998307279978456,0.9,0.991304347826087
"153","eclipse-vertx/vert.x","2017 / 04 / 01",116,2889,61,17,200,3,0.990814019219898,0.998223901854973,0.941176470588235,0.995
"154","eclipse-vertx/vert.x","2017 / 07 / 01",124,3075,62,14,186,1,0.990894901144641,0.998206136900079,0.928571428571428,0.994623655913979
"155","eclipse-vertx/vert.x","2017 / 10 / 01",130,3247,62,12,172,0,0.991315136476427,0.9983011613698,NA,NA
"156","eclipse-vertx/vert.x","2018 / 01 / 01",135,3379,62,14,132,0,0.991636798088411,0.998367526181634,NA,NA
"157","eclipse-vertx/vert.x","2018 / 04 / 01",148,3568,65,19,189,3,0.992411642411642,0.998279579165229,0.947368421052632,0.994708994708995
"158","eclipse-vertx/vert.x","2018 / 07 / 01",157,3686,65,13,118,0,0.992846643802058,0.998334655035686,NA,NA
"159","eclipse-vertx/vert.x","2018 / 10 / 01",162,3837,66,9,151,1,0.993078937523382,0.998294121828132,0.888888888888889,0.993377483443709
"160","eclipse-vertx/vert.x","2019 / 01 / 01",167,3941,66,9,104,0,0.993286154962802,0.998339138658854,NA,NA
"161","eclipse-vertx/vert.x","2019 / 04 / 01",170,4007,92,6,66,26,0.991304347826087,0.998063172057595,0.692307692307692,0.967365967365967
"162","eclipse-vertx/vert.x","2019 / 07 / 01",176,4086,99,12,79,7,0.991792929292929,0.997950627172361,0.916666666666667,0.987341772151899
"163","eclipse-vertx/vert.x","2019 / 10 / 01",181,4241,123,12,155,24,0.992498764766653,0.997486786940494,0.916666666666667,0.983333333333333
"164","eclipse-vertx/vert.x","2020 / 01 / 01",186,4335,123,10,94,0,0.992700410875077,0.997541283371311,NA,NA
"165","eclipse-vertx/vert.x","2020 / 04 / 01",191,4533,125,12,198,2,0.992335078534032,0.997534524597397,0.916666666666667,0.994949494949495
"166","eclipse-vertx/vert.x","2020 / 07 / 01",193,4577,126,6,44,1,0.992022370260712,0.997485703188128,0.833333333333333,0.977272727272727
"167","halo-dev/halo","2018 / 01 / 01",1,24,0,1,24,0,0,NA,0,NA
"168","halo-dev/halo","2018 / 04 / 01",5,118,0,5,94,0,NA,NA,NA,NA
"169","halo-dev/halo","2018 / 07 / 01",7,237,0,4,119,0,NA,NA,NA,NA
"170","halo-dev/halo","2018 / 10 / 01",9,374,0,5,137,0,NA,NA,NA,NA
"171","halo-dev/halo","2019 / 01 / 01",11,764,259,5,390,259,0.904878904878905,0.974878206553599,0.790733590733591,0.950787050787051
"172","halo-dev/halo","2019 / 04 / 01",16,1379,682,9,615,423,0.926319648093842,0.946778127718034,0.859994746519569,0.907647658036865
"173","halo-dev/halo","2019 / 07 / 01",22,1472,747,10,93,65,0.938724595351101,0.945309316978054,0.841538461538462,0.921422663358147
"174","halo-dev/halo","2019 / 10 / 01",29,1636,941,12,164,194,0.944483125068709,0.941728873980495,0.871134020618557,0.905582097058084
"175","halo-dev/halo","2020 / 01 / 01",37,1783,1091,13,147,150,0.941957539574405,0.941561843112439,0.824615384615385,0.934240362811791
"176","halo-dev/halo","2020 / 04 / 01",46,1831,1174,14,48,83,0.944041182134657,0.943848931472644,0.858003442340792,0.958584337349397
"177","halo-dev/halo","2020 / 07 / 01",51,1852,1210,10,21,36,0.944385026737968,0.943428591828358,0.794444444444445,0.886243386243386
"178","google/guava","2009 / 04 / 01",1,1,0,1,1,0,0,0,0,0
"179","google/guava","2009 / 07 / 01",2,2,2,1,1,2,0.5,0.5,0,0
"180","google/guava","2009 / 10 / 01",2,4,2,1,2,0,0.5,0.75,0,NA
"181","google/guava","2010 / 01 / 01",2,7,176,1,3,174,0.5,0.829545454545454,0,0.616858237547893
"182","google/guava","2010 / 04 / 01",4,36,245,3,29,69,0.747959183673469,0.940022675736961,0.657004830917874,0.943528235882059
"183","google/guava","2010 / 07 / 01",5,92,344,3,56,99,0.745348837209302,0.944893832153691,0.363636363636364,0.918290043290043
"184","google/guava","2010 / 10 / 01",5,98,346,3,6,2,0.745664739884393,0.946620266603751,0.666666666666667,0.833333333333333
"185","google/guava","2011 / 01 / 01",6,187,348,2,89,2,0.78448275862069,0.971018501444465,0,0.97752808988764
"186","google/guava","2011 / 04 / 01",6,369,385,3,182,37,0.757142857142857,0.976693766937669,0.666666666666667,0.956489456489456
"187","google/guava","2011 / 07 / 01",8,566,462,5,197,77,0.755411255411255,0.975930429994034,0.587012987012987,0.96538994000923
"188","google/guava","2011 / 10 / 01",10,761,571,3,195,109,0.758493870402802,0.977011996842572,0.660550458715596,0.978405081157375
"189","google/guava","2012 / 01 / 01",11,949,605,4,188,34,0.75221637866266,0.977704238476342,0.367647058823529,0.966207759699624
"190","google/guava","2012 / 04 / 01",14,1152,686,6,203,81,0.763223656809663,0.974975704567541,0.734567901234568,0.949948306270145
"191","google/guava","2012 / 07 / 01",14,1337,748,5,185,62,0.730901451489687,0.97422595882713,0.535483870967742,0.959023539668701
"192","google/guava","2012 / 10 / 01",15,1583,885,5,246,137,0.674199623352166,0.969258827014428,0.408759124087591,0.93219986944395
"193","google/guava","2013 / 01 / 01",16,1799,941,5,216,56,0.677138682252923,0.968062904234788,0.471428571428572,0.942460317460318
"194","google/guava","2013 / 04 / 01",16,1949,958,6,150,17,0.671581419624217,0.968636557905079,0.578431372549019,0.954901960784313
"195","google/guava","2013 / 07 / 01",16,2050,964,4,101,6,0.670124481327801,0.969382653577572,0.583333333333333,0.957095709570957
"196","google/guava","2013 / 10 / 01",16,2165,987,5,115,23,0.666350050658561,0.969945082843712,0.608695652173913,0.976181474480151
"197","google/guava","2014 / 01 / 01",16,2271,991,4,106,4,0.665678607467205,0.970937468480077,0.5,0.981132075471698
"198","google/guava","2014 / 04 / 01",16,2392,998,3,121,7,0.663326653306613,0.97168919779358,0.285714285714286,0.970484061393152
"199","google/guava","2014 / 07 / 01",17,2489,1006,4,97,8,0.682142439480762,0.972021626768118,0.5,0.958762886597938
"200","google/guava","2014 / 10 / 01",38,2591,1027,24,102,21,0.852585455849946,0.972051032767531,0.878968253968254,0.967787114845938
"201","google/guava","2015 / 01 / 01",55,2751,1058,30,160,31,0.887231483072693,0.971999183661687,0.865591397849462,0.964314516129032
"202","google/guava","2015 / 04 / 01",68,2911,1072,28,160,14,0.905591527655838,0.97248406712572,0.88265306122449,0.969642857142857
"203","google/guava","2015 / 07 / 01",84,3025,1085,31,114,13,0.921735791090629,0.972476672887225,0.858560794044665,0.953441295546559
"204","google/guava","2015 / 10 / 01",101,3166,1095,33,141,10,0.932591889325919,0.973046668801217,0.909090909090909,0.978723404255319
"205","google/guava","2016 / 01 / 01",119,3378,1212,35,212,117,0.937987076018526,0.975904073533464,0.96996336996337,0.992541525560394
"206","google/guava","2016 / 04 / 01",141,3514,1220,42,136,8,0.946180676665503,0.976167927820342,0.886904761904762,0.954044117647058
"207","google/guava","2016 / 07 / 01",159,3759,1282,38,245,62,0.946781267477114,0.976363332266729,0.926994906621392,0.978406846609612
"208","google/guava","2016 / 10 / 01",183,3903,1335,52,144,53,0.949501647530751,0.976950602676702,0.964078374455733,0.984669811320755
"209","google/guava","2017 / 01 / 01",198,4045,1358,31,142,23,0.951622260900611,0.977349807304066,0.93969144460028,0.98683404776485
"210","google/guava","2017 / 04 / 01",209,4216,1373,34,171,15,0.95306962367184,0.977519655983997,0.896078431372549,0.969980506822612
"211","google/guava","2017 / 07 / 01",229,4362,1423,43,146,50,0.955555487361408,0.97785915736204,0.964651162790698,0.984109589041096
"212","google/guava","2017 / 10 / 01",245,4555,2989,34,193,1566,0.972305255323943,0.986824944298139,0.965442115543535,0.986586729663378
"213","google/guava","2018 / 01 / 01",255,4673,3037,27,118,48,0.972499951577602,0.985867361955247,0.925925925925926,0.880649717514125
"214","google/guava","2018 / 04 / 01",272,4743,3214,29,70,177,0.970510450602145,0.986202966911183,0.951490356516657,0.978934624697337
"215","google/guava","2018 / 07 / 01",292,4816,3220,35,73,6,0.972302816302221,0.986226553310907,0.914285714285714,0.958904109589041
"216","google/guava","2018 / 10 / 01",300,4859,3236,19,43,16,0.972622579316028,0.986255037292693,0.947368421052632,0.976744186046512
"217","google/guava","2019 / 01 / 01",315,4916,3330,28,57,94,0.974361027694361,0.986484776069801,0.962006079027356,0.98133631952221
"218","google/guava","2019 / 04 / 01",331,5008,3339,30,92,9,0.975353982821348,0.986569616795222,0.937037037037037,0.979468599033816
"219","google/guava","2019 / 07 / 01",348,5069,3365,29,61,26,0.976339430581886,0.986359238057162,0.931034482758621,0.94703656998739
"220","google/guava","2019 / 10 / 01",373,5168,3470,45,99,105,0.976926702258346,0.986222352584292,0.93968253968254,0.970851370851371
"221","google/guava","2020 / 01 / 01",385,5233,3784,24,65,314,0.978694983663271,0.986712940200199,0.940817409766454,0.975600195982362
"222","google/guava","2020 / 04 / 01",399,5294,3798,27,61,14,0.97907353956244,0.986655036661574,0.92063492063492,0.964871194379391
"223","google/guava","2020 / 07 / 01",400,5308,3800,7,14,2,0.979047368421053,0.986637746400667,0.857142857142857,0.928571428571428
"224","google/ExoPlayer","2014 / 04 / 01",1,3,0,1,3,0,0,NA,0,NA
"225","google/ExoPlayer","2014 / 07 / 01",4,96,0,4,93,0,NA,NA,NA,NA
"226","google/ExoPlayer","2014 / 10 / 01",10,300,0,8,204,0,NA,NA,NA,NA
"227","google/ExoPlayer","2015 / 01 / 01",18,465,0,12,165,0,NA,NA,NA,NA
"228","google/ExoPlayer","2015 / 04 / 01",24,761,0,11,296,0,NA,NA,NA,NA
"229","google/ExoPlayer","2015 / 07 / 01",30,989,0,11,228,0,NA,NA,NA,NA
"230","google/ExoPlayer","2015 / 10 / 01",42,1173,0,18,184,0,NA,NA,NA,NA
"231","google/ExoPlayer","2016 / 01 / 01",46,1262,0,15,89,0,NA,NA,NA,NA
"232","google/ExoPlayer","2016 / 04 / 01",51,1654,0,12,392,0,NA,NA,NA,NA
"233","google/ExoPlayer","2016 / 07 / 01",58,2028,0,21,374,0,NA,NA,NA,NA
"234","google/ExoPlayer","2016 / 10 / 01",72,2334,0,29,306,0,NA,NA,NA,NA
"235","google/ExoPlayer","2017 / 01 / 01",97,2706,11,41,372,11,0.982193064667291,0.999361687831754,0.957871396895787,0.995356793743891
"236","google/ExoPlayer","2017 / 04 / 01",109,3076,24,29,370,13,0.973241590214067,0.998374512353706,0.901856763925729,0.99022869022869
"237","google/ExoPlayer","2017 / 07 / 01",120,3573,68,25,497,44,0.966421568627451,0.996501539322699,0.863636363636364,0.984543625388696
"238","google/ExoPlayer","2017 / 10 / 01",138,4081,120,33,508,52,0.972946859903381,0.994225271583762,0.924242424242424,0.97766505148395
"239","google/ExoPlayer","2018 / 01 / 01",151,4553,204,29,472,84,0.972341254382548,0.991098306223435,0.883415435139573,0.963276836158192
"240","google/ExoPlayer","2018 / 04 / 01",167,4957,498,31,404,294,0.980593030805858,0.989191383245309,0.925608953258723,0.953812217956489
"241","google/ExoPlayer","2018 / 07 / 01",181,5408,900,35,451,402,0.98110497237569,0.98568540433925,0.90547263681592,0.94295705507937
"242","google/ExoPlayer","2018 / 10 / 01",193,5858,1060,30,450,160,0.979186626258676,0.983220495113926,0.828333333333333,0.951277777777777
"243","google/ExoPlayer","2019 / 01 / 01",198,6313,1298,16,455,238,0.97979797979798,0.979861303149001,0.817752100840336,0.933844306953549
"244","google/ExoPlayer","2019 / 04 / 01",206,6761,1556,22,448,258,0.980601242918112,0.977538840826469,0.853417899929528,0.943469684385382
"245","google/ExoPlayer","2019 / 07 / 01",214,7236,2018,18,475,462,0.980567416614951,0.975678950254789,0.823713323713324,0.943777625882888
"246","google/ExoPlayer","2019 / 10 / 01",220,7692,2471,18,456,453,0.978369081343586,0.972813445115719,0.756806475349522,0.925966267766544
"247","google/ExoPlayer","2020 / 01 / 01",222,7841,2617,12,149,146,0.977363875147597,0.970973002447323,0.621004566210046,0.867702491495816
"248","google/ExoPlayer","2020 / 04 / 01",222,7969,2694,12,128,77,0.976965829972511,0.969844543299416,0.689393939393939,0.886059253246754
"249","skylot/jadx","2013 / 01 / 01",2,16,0,2,16,0,NA,NA,NA,NA
"250","skylot/jadx","2013 / 04 / 01",2,60,0,2,44,0,NA,NA,NA,NA
"251","skylot/jadx","2013 / 07 / 01",2,113,0,2,53,0,NA,NA,NA,NA
"252","skylot/jadx","2013 / 10 / 01",3,155,0,3,42,0,NA,NA,NA,NA
"253","skylot/jadx","2014 / 01 / 01",3,200,0,1,45,0,NA,NA,0,NA
"254","skylot/jadx","2014 / 04 / 01",5,237,0,4,37,0,NA,NA,NA,NA
"255","skylot/jadx","2014 / 07 / 01",7,304,0,4,67,0,NA,NA,NA,NA
"256","skylot/jadx","2014 / 10 / 01",10,379,10,5,75,10,0.9,0.993667546174142,0.8,0.968
"257","skylot/jadx","2015 / 01 / 01",10,443,20,3,64,10,0.9,0.984650112866817,0.666666666666667,0.91875
"258","skylot/jadx","2015 / 04 / 01",11,481,24,4,38,4,0.909090909090909,0.981462231462231,0.75,0.934210526315789
"259","skylot/jadx","2015 / 07 / 01",12,509,38,5,28,14,0.916666666666667,0.974873332643988,0.8,0.857142857142857
"260","skylot/jadx","2015 / 10 / 01",13,516,38,3,7,0,0.923076923076923,0.975214198286414,NA,NA
"261","skylot/jadx","2016 / 01 / 01",13,527,48,1,11,10,0.923076923076923,0.971853257432006,0,0.763636363636364
"262","skylot/jadx","2016 / 04 / 01",17,533,48,4,6,0,0.941176470588235,0.972170106316447,NA,NA
"263","skylot/jadx","2016 / 07 / 01",18,534,48,1,1,0,0.944444444444444,0.972222222222222,0,0
"264","skylot/jadx","2016 / 10 / 01",18,539,48,2,5,0,0.944444444444444,0.972479901051329,NA,NA
"265","skylot/jadx","2017 / 04 / 01",20,546,48,2,7,0,0.95,0.972832722832723,NA,NA
"266","skylot/jadx","2017 / 10 / 01",22,550,48,2,4,0,0.954545454545455,0.973030303030304,NA,NA
"267","skylot/jadx","2018 / 01 / 01",29,634,56,11,84,8,0.96551724137931,0.97121451104101,0.909090909090909,0.955357142857143
"268","skylot/jadx","2018 / 04 / 01",29,689,68,3,55,12,0.96551724137931,0.968838043199863,0.666666666666667,0.939393939393939
"269","skylot/jadx","2018 / 07 / 01",34,745,87,9,56,19,0.969235970250169,0.968510375684641,0.865497076023392,0.948308270676692
"270","skylot/jadx","2018 / 10 / 01",37,790,94,7,45,7,0.971822886716504,0.968623754376516,0.857142857142857,0.965079365079365
"271","skylot/jadx","2019 / 01 / 01",40,932,121,8,142,27,0.974173553719008,0.964663214273047,0.875,0.94131455399061
"272","skylot/jadx","2019 / 04 / 01",42,1048,147,7,116,26,0.970683511499838,0.962007322012774,0.747252747252747,0.935676392572944
"273","skylot/jadx","2019 / 07 / 01",42,1116,193,1,68,46,0.971996052306933,0.955183204263935,0,0.847826086956522
"274","skylot/jadx","2019 / 10 / 01",44,1163,211,4,47,18,0.970594571305472,0.951111074888036,0.583333333333333,0.846335697399527
"275","skylot/jadx","2020 / 01 / 01",47,1209,251,5,46,40,0.972450623039756,0.951601369542509,0.79,0.915217391304348
"276","skylot/jadx","2020 / 04 / 01",48,1252,318,4,43,67,0.974318658280922,0.953649004360319,0.75,0.912877473099618
"277","skylot/jadx","2020 / 07 / 01",50,1264,319,3,12,1,0.975360501567398,0.953660073012973,0.666666666666667,0.916666666666667
"278","square/retrofit","2010 / 07 / 01",1,1,0,1,1,0,0,0,0,0
"279","square/retrofit","2010 / 10 / 01",2,24,0,2,23,0,NA,NA,NA,NA
"280","square/retrofit","2011 / 01 / 01",4,30,0,3,6,0,NA,NA,NA,NA
"281","square/retrofit","2011 / 04 / 01",9,50,0,8,20,0,NA,NA,NA,NA
"282","square/retrofit","2011 / 07 / 01",10,59,0,3,9,0,NA,NA,NA,NA
"283","square/retrofit","2011 / 10 / 01",12,73,0,5,14,0,NA,NA,NA,NA
"284","square/retrofit","2012 / 01 / 01",13,87,0,5,14,0,NA,NA,NA,NA
"285","square/retrofit","2012 / 04 / 01",18,132,0,10,45,0,NA,NA,NA,NA
"286","square/retrofit","2012 / 07 / 01",19,179,0,12,47,0,NA,NA,NA,NA
"287","square/retrofit","2012 / 10 / 01",21,287,0,13,108,0,NA,NA,NA,NA
"288","square/retrofit","2013 / 01 / 01",28,347,0,12,60,0,NA,NA,NA,NA
"289","square/retrofit","2013 / 04 / 01",34,434,0,13,87,0,NA,NA,NA,NA
"290","square/retrofit","2013 / 07 / 01",43,513,0,14,79,0,NA,NA,NA,NA
"291","square/retrofit","2013 / 10 / 01",58,569,0,19,56,0,NA,NA,NA,NA
"292","square/retrofit","2014 / 01 / 01",63,666,0,13,97,0,NA,NA,NA,NA
"293","square/retrofit","2014 / 04 / 01",70,725,0,12,59,0,NA,NA,NA,NA
"294","square/retrofit","2014 / 07 / 01",73,753,0,10,28,0,NA,NA,NA,NA
"295","square/retrofit","2014 / 10 / 01",77,829,0,9,76,0,NA,NA,NA,NA
"296","square/retrofit","2015 / 01 / 01",79,861,0,4,32,0,NA,NA,NA,NA
"297","square/retrofit","2015 / 04 / 01",87,955,0,12,94,0,NA,NA,NA,NA
"298","square/retrofit","2015 / 07 / 01",95,1062,0,12,107,0,NA,NA,NA,NA
"299","square/retrofit","2015 / 10 / 01",103,1155,0,13,93,0,NA,NA,NA,NA
"300","square/retrofit","2016 / 01 / 01",116,1292,0,18,137,0,NA,NA,NA,NA
"301","square/retrofit","2016 / 04 / 01",120,1338,0,6,46,0,NA,NA,NA,NA
"302","square/retrofit","2016 / 07 / 01",124,1374,0,6,36,0,NA,NA,NA,NA
"303","square/retrofit","2016 / 10 / 01",129,1403,0,8,29,0,NA,NA,NA,NA
"304","square/retrofit","2017 / 01 / 01",131,1447,0,10,44,0,NA,NA,NA,NA
"305","square/retrofit","2017 / 04 / 01",137,1484,70,10,37,70,0.992700729927007,0.999210627647285,0.9,0.968339768339768
"306","square/retrofit","2017 / 07 / 01",138,1503,70,4,19,0,0.992753623188406,0.999220606406235,NA,NA
"307","square/retrofit","2017 / 10 / 01",143,1518,70,8,15,0,0.993006993006993,0.99922830792396,NA,NA
"308","square/retrofit","2018 / 01 / 01",147,1569,77,9,51,7,0.992313808640339,0.998832907054704,0.73015873015873,0.941176470588235
"309","square/retrofit","2018 / 04 / 01",149,1592,80,5,23,3,0.991610738255033,0.99855527638191,0.666666666666667,0.927536231884058
"310","square/retrofit","2018 / 07 / 01",150,1642,82,5,50,2,0.990569105691057,0.998336353643683,0.8,0.96
"311","square/retrofit","2018 / 10 / 01",153,1683,127,8,41,45,0.988626421697288,0.997684113015285,0.791666666666667,0.953929539295393
"312","square/retrofit","2019 / 01 / 01",155,1717,145,5,34,18,0.9893659621802,0.996276585062157,0.8,0.849673202614379
"313","square/retrofit","2019 / 04 / 01",158,1732,150,7,15,5,0.989535864978903,0.995858352578907,0.8,0.906666666666667
"314","square/retrofit","2019 / 07 / 01",159,1756,150,4,24,0,0.989601677148847,0.995914958238421,NA,NA
"315","square/retrofit","2019 / 10 / 01",162,1777,151,5,21,1,0.989820946774589,0.99581480805137,0.8,0.952380952380952
"316","square/retrofit","2020 / 01 / 01",167,1808,153,7,31,2,0.989785135611131,0.995578836254266,0.714285714285714,0.935483870967742
"317","square/retrofit","2020 / 04 / 01",174,1855,160,9,47,7,0.989152298850575,0.995148247978437,0.825396825396825,0.966565349544073
"318","openzipkin/zipkin","2012 / 04 / 01",1,1,0,1,1,0,0,0,0,0
"319","openzipkin/zipkin","2014 / 01 / 01",2,2,0,1,1,0,NA,NA,0,0
"320","openzipkin/zipkin","2014 / 04 / 01",2,7,0,1,5,0,NA,NA,0,NA
"321","openzipkin/zipkin","2014 / 07 / 01",2,11,0,1,4,0,NA,NA,0,NA
"322","openzipkin/zipkin","2015 / 07 / 01",4,36,0,2,25,0,NA,NA,NA,NA
"323","openzipkin/zipkin","2015 / 10 / 01",8,171,5,5,135,5,0.875,0.991812865497076,0.8,0.98962962962963
"324","openzipkin/zipkin","2016 / 01 / 01",12,422,6,7,251,1,0.916666666666667,0.995260663507109,0.857142857142857,0.99601593625498
"325","openzipkin/zipkin","2016 / 04 / 01",19,731,12,12,309,6,0.947368421052632,0.99452804377565,0.916666666666667,0.993527508090615
"326","openzipkin/zipkin","2016 / 07 / 01",24,889,12,11,158,0,0.958333333333333,0.995500562429696,NA,NA
"327","openzipkin/zipkin","2016 / 10 / 01",35,1006,12,17,117,0,0.971428571428571,0.996023856858847,NA,NA
"328","openzipkin/zipkin","2017 / 01 / 01",43,1080,12,11,74,0,0.976744186046512,0.996296296296296,NA,NA
"329","openzipkin/zipkin","2017 / 04 / 01",54,1172,12,18,92,0,0.981481481481481,0.996587030716724,NA,NA
"330","openzipkin/zipkin","2017 / 07 / 01",54,1285,46,4,113,34,0.981481481481481,0.992387074945017,0.75,0.944299843831338
"331","openzipkin/zipkin","2017 / 10 / 01",62,1397,67,13,112,21,0.980500722195474,0.991869571256103,0.871794871794872,0.979166666666667
"332","openzipkin/zipkin","2018 / 01 / 01",75,1492,81,19,95,14,0.984362139917696,0.992130870817197,0.947368421052632,0.98796992481203
"333","openzipkin/zipkin","2018 / 04 / 01",77,1610,103,7,118,22,0.985247761946791,0.990562624374359,0.857142857142857,0.968412942989214
"334","openzipkin/zipkin","2018 / 07 / 01",83,1683,104,12,73,1,0.986329935125116,0.99072169660405,0.916666666666667,0.986301369863014
"335","openzipkin/zipkin","2018 / 10 / 01",88,1796,116,13,113,12,0.987264890282132,0.990073727056295,0.923076923076923,0.976401179941003
"336","openzipkin/zipkin","2019 / 01 / 01",95,1900,117,13,104,1,0.98821412505623,0.990395861448492,0.923076923076923,0.990384615384615
"337","openzipkin/zipkin","2019 / 04 / 01",99,2036,178,16,136,61,0.985245715582794,0.991661331979427,0.882172131147541,0.982280617164899
"338","openzipkin/zipkin","2019 / 07 / 01",99,2181,195,10,145,17,0.984718984718985,0.990437225925534,0.805882352941176,0.963083164300203
"339","openzipkin/zipkin","2019 / 10 / 01",101,2283,195,10,102,0,0.985021579080985,0.990864472073406,NA,NA
"340","openzipkin/zipkin","2020 / 01 / 01",103,2366,196,9,83,1,0.985238755696453,0.99102937878448,0.888888888888889,0.987951807228916
"341","openzipkin/zipkin","2020 / 04 / 01",106,2417,199,8,51,3,0.985161657343321,0.990837514007771,0.791666666666667,0.967320261437908
"342","openzipkin/zipkin","2020 / 07 / 01",107,2428,210,5,11,11,0.985580774365821,0.990283988389425,0.8,0.826446280991736
"343","dbeaver/dbeaver","2012 / 10 / 01",3,212,0,3,212,0,NA,NA,NA,NA
"344","dbeaver/dbeaver","2013 / 01 / 01",3,503,0,2,291,0,NA,NA,NA,NA
"345","dbeaver/dbeaver","2013 / 04 / 01",3,725,0,1,222,0,NA,NA,0,NA
"346","dbeaver/dbeaver","2013 / 07 / 01",5,1035,0,3,310,0,NA,NA,NA,NA
"347","dbeaver/dbeaver","2013 / 10 / 01",5,1410,107,2,375,107,0.8,0.998548419168821,0.5,0.994542056074766
"348","dbeaver/dbeaver","2014 / 01 / 01",5,1605,532,2,195,425,0.8,0.989658726254889,0.5,0.915716440422322
"349","dbeaver/dbeaver","2014 / 04 / 01",5,1797,863,2,192,331,0.8,0.981819190088283,0.5,0.910734516616315
"350","dbeaver/dbeaver","2014 / 07 / 01",5,1864,866,2,67,3,0.8,0.98218586763671,0.5,0.955223880597015
"351","dbeaver/dbeaver","2014 / 10 / 01",5,1958,875,2,94,9,0.8,0.982390777761566,0.5,0.970449172576832
"352","dbeaver/dbeaver","2015 / 01 / 01",5,2265,1015,2,307,140,0.8,0.980358638088713,0.5,0.963610981852024
"353","dbeaver/dbeaver","2015 / 04 / 01",6,2584,1153,3,319,138,0.833333333333333,0.977602176580678,0.666666666666667,0.947980555176957
"354","dbeaver/dbeaver","2015 / 07 / 01",6,2929,1644,1,345,491,0.833333333333333,0.980721769634805,0,0.984291153812096
"355","dbeaver/dbeaver","2015 / 10 / 01",11,3541,2520,6,612,876,0.838167388167388,0.977704710802705,0.683409436834094,0.961474468021608
"356","dbeaver/dbeaver","2016 / 01 / 01",15,4018,2919,8,477,399,0.868790681740322,0.975389865168239,0.855576441102757,0.955123658202108
"357","dbeaver/dbeaver","2016 / 04 / 01",19,4560,3282,6,542,363,0.887199717758748,0.973762254508912,0.743342516069789,0.958652272473136
"358","dbeaver/dbeaver","2016 / 07 / 01",19,5064,3564,3,504,282,0.880559985823144,0.973951933766301,0.42080378250591,0.974684791174153
"359","dbeaver/dbeaver","2016 / 10 / 01",26,5729,3974,10,665,410,0.904339746815842,0.972707482560537,0.789756097560976,0.9604327892903
"360","dbeaver/dbeaver","2017 / 01 / 01",31,6351,4250,9,622,276,0.919362428842505,0.97107805162689,0.825281803542673,0.943450300573186
"361","dbeaver/dbeaver","2017 / 04 / 01",35,6683,4365,7,332,115,0.929536900670921,0.970782750645796,0.852173913043478,0.955971712938711
"362","dbeaver/dbeaver","2017 / 07 / 01",42,7063,4464,14,380,99,0.941308243727598,0.97091778194914,0.878066378066378,0.966586921850079
"363","dbeaver/dbeaver","2017 / 10 / 01",52,8028,4549,18,965,85,0.951185383093495,0.973208274227716,0.919607843137255,0.986967387991466
"364","dbeaver/dbeaver","2018 / 01 / 01",58,8908,4586,18,880,37,0.955787479134397,0.975164304943235,0.932432432432432,0.985841523341524
"365","dbeaver/dbeaver","2018 / 04 / 01",70,9642,4789,20,734,203,0.961599498851535,0.974589467696077,0.935714285714286,0.958852901303338
"366","dbeaver/dbeaver","2018 / 07 / 01",81,10370,4914,15,728,125,0.966163694558756,0.974929913116981,0.8896,0.974406593406593
"367","dbeaver/dbeaver","2018 / 10 / 01",99,11155,5159,24,785,245,0.97179588088679,0.974684008633034,0.920578231292517,0.968839204471598
"368","dbeaver/dbeaver","2019 / 01 / 01",115,12398,5269,29,1243,110,0.975272925313771,0.975838599280621,0.936050156739812,0.97979960506107
"369","dbeaver/dbeaver","2019 / 04 / 01",126,13224,5513,21,826,244,0.976881483592893,0.974941907095456,0.91295862607338,0.952903584328983
"370","dbeaver/dbeaver","2019 / 07 / 01",141,14132,6628,21,908,1115,0.97884110821488,0.972370964444025,0.895323510570147,0.933832796665417
"371","dbeaver/dbeaver","2019 / 10 / 01",158,14739,7205,20,607,577,0.981307811909802,0.971203657967379,0.917764298093588,0.941848280745432
"372","dbeaver/dbeaver","2020 / 01 / 01",173,15492,7708,25,753,503,0.983057914455666,0.970374099372776,0.935347912524851,0.953545658320991
"373","dbeaver/dbeaver","2020 / 04 / 01",190,16419,8039,24,927,331,0.984279924840089,0.970485719319129,0.919813695871098,0.971466935213158
"374","dbeaver/dbeaver","2020 / 07 / 01",192,16651,8192,11,232,153,0.984394073486328,0.970444439452791,0.862745098039216,0.965094658553077
"375","signalapp/Signal-Android","2011 / 10 / 01",1,5,0,1,5,0,0,NA,0,NA
"376","signalapp/Signal-Android","2012 / 01 / 01",2,6,0,1,1,0,NA,NA,0,0
"377","signalapp/Signal-Android","2012 / 07 / 01",6,98,0,5,92,0,NA,NA,NA,NA
"378","signalapp/Signal-Android","2012 / 10 / 01",7,140,0,3,42,0,NA,NA,NA,NA
"379","signalapp/Signal-Android","2013 / 01 / 01",10,231,0,4,91,0,NA,NA,NA,NA
"380","signalapp/Signal-Android","2013 / 04 / 01",11,310,0,4,79,0,NA,NA,NA,NA
"381","signalapp/Signal-Android","2013 / 07 / 01",14,338,0,4,28,0,NA,NA,NA,NA
"382","signalapp/Signal-Android","2013 / 10 / 01",27,427,0,16,89,0,NA,NA,NA,NA
"383","signalapp/Signal-Android","2014 / 01 / 01",55,776,0,33,349,0,NA,NA,NA,NA
"384","signalapp/Signal-Android","2014 / 04 / 01",68,903,0,24,127,0,NA,NA,NA,NA
"385","signalapp/Signal-Android","2014 / 07 / 01",71,975,0,8,72,0,NA,NA,NA,NA
"386","signalapp/Signal-Android","2014 / 10 / 01",82,1238,0,18,263,0,NA,NA,NA,NA
"387","signalapp/Signal-Android","2015 / 01 / 01",90,1424,3,14,186,3,0.981481481481482,0.998829588014981,0.880952380952381,0.991039426523298
"388","signalapp/Signal-Android","2015 / 04 / 01",99,1687,15,15,263,12,0.976430976430976,0.996324836988737,0.833333333333333,0.982256020278834
"389","signalapp/Signal-Android","2015 / 07 / 01",105,1961,86,17,274,71,0.980509413067553,0.991188643667801,0.883181441590721,0.955741749768685
"390","signalapp/Signal-Android","2015 / 10 / 01",135,2294,254,41,333,168,0.985418489355497,0.985652403737241,0.954413472706156,0.948913198913198
"391","signalapp/Signal-Android","2016 / 01 / 01",143,2398,315,18,104,61,0.987545787545788,0.987159934866357,0.944444444444444,0.985025220680958
"392","signalapp/Signal-Android","2016 / 04 / 01",147,2409,315,6,11,0,0.987884677680596,0.987218565300758,NA,NA
"393","signalapp/Signal-Android","2016 / 07 / 01",152,2466,325,10,57,10,0.987914979757085,0.986450807910664,0.84,0.933333333333333
"394","signalapp/Signal-Android","2016 / 10 / 01",160,2587,390,14,121,65,0.988974358974359,0.985394427760102,0.924175824175824,0.9546090273363
"395","signalapp/Signal-Android","2017 / 01 / 01",171,2829,488,24,242,98,0.990533026555459,0.983763016532517,0.957482993197279,0.96550851745657
"396","signalapp/Signal-Android","2017 / 04 / 01",181,2974,541,18,145,53,0.990226815494123,0.983421942727297,0.906708595387841,0.974886141834743
"397","signalapp/Signal-Android","2017 / 07 / 01",187,3115,583,13,141,42,0.990836627805652,0.982221255530561,0.923076923076923,0.952043228638973
"398","signalapp/Signal-Android","2017 / 10 / 01",191,3337,710,11,222,127,0.991696777523781,0.981717575455733,0.909090909090909,0.969603461729446
"399","signalapp/Signal-Android","2018 / 01 / 01",198,3461,999,13,124,289,0.992320603431714,0.981926740378054,0.91615650785201,0.942432191092756
"400","signalapp/Signal-Android","2018 / 04 / 01",202,3609,1268,11,148,269,0.990442577380767,0.982679124131487,0.891517404528557,0.971239827187783
"401","signalapp/Signal-Android","2018 / 07 / 01",208,3773,1459,13,164,191,0.98985408868034,0.980633471800196,0.919855014095852,0.929989784191036
"402","signalapp/Signal-Android","2018 / 10 / 01",209,3927,1597,3,154,138,0.989594724558308,0.979294159742793,0.618357487922705,0.944852249200075
"403","signalapp/Signal-Android","2019 / 01 / 01",212,4112,2110,6,185,513,0.989273897880712,0.978950983827247,0.822287199480182,0.946504399135979
"404","signalapp/Signal-Android","2019 / 04 / 01",219,4304,3680,9,192,1570,0.988974091721263,0.983769016688221,0.805661712668082,0.96916135881104
"405","signalapp/Signal-Android","2019 / 07 / 01",224,4511,4515,8,207,835,0.989351961714918,0.981821770482043,0.804041916167665,0.935381411090861
"406","signalapp/Signal-Android","2019 / 10 / 01",228,4848,5732,9,337,1217,0.987657778430724,0.979380998113768,0.645850451930978,0.942001175239985
"407","signalapp/Signal-Android","2020 / 01 / 01",233,5177,7494,9,329,1762,0.98734667276024,0.97472314339786,0.704880817253121,0.897574254180626
"408","signalapp/Signal-Android","2020 / 04 / 01",241,5727,9570,14,550,2076,0.987248359976934,0.965508702384838,0.805670244976603,0.866454720616574
"409","signalapp/Signal-Android","2020 / 07 / 01",241,5857,10111,5,130,541,0.987214532793872,0.963687666525942,0.532347504621072,0.879212284942414
"410","eugenp/tutorials","2013 / 04 / 01",3,147,0,3,147,0,NA,NA,NA,NA
"411","eugenp/tutorials","2013 / 07 / 01",4,282,0,3,135,0,NA,NA,NA,NA
"412","eugenp/tutorials","2013 / 10 / 01",4,388,0,2,106,0,NA,NA,NA,NA
"413","eugenp/tutorials","2014 / 01 / 01",4,454,0,1,66,0,NA,NA,0,NA
"414","eugenp/tutorials","2014 / 04 / 01",9,583,0,7,129,0,NA,NA,NA,NA
"415","eugenp/tutorials","2014 / 07 / 01",11,708,2,6,125,2,0.909090909090909,0.998587570621469,0.833333333333333,0.992
"416","eugenp/tutorials","2014 / 10 / 01",12,908,2,5,200,0,0.916666666666667,0.998898678414097,NA,NA
"417","eugenp/tutorials","2015 / 01 / 01",13,1141,2,5,233,0,0.923076923076923,0.999123575810692,NA,NA
"418","eugenp/tutorials","2015 / 04 / 01",16,1251,2,6,110,0,0.9375,0.999200639488409,NA,NA
"419","eugenp/tutorials","2015 / 07 / 01",22,1372,2,9,121,0,0.954545454545455,0.999271137026239,NA,NA
"420","eugenp/tutorials","2015 / 10 / 01",34,1509,6,20,137,4,0.931372549019608,0.997791031588248,0.925,0.981751824817518
"421","eugenp/tutorials","2016 / 01 / 01",53,1964,9,31,455,3,0.939203354297694,0.998019914007694,0.967741935483871,0.997802197802198
"422","eugenp/tutorials","2016 / 04 / 01",85,2257,18,45,293,9,0.962091503267974,0.997292374341554,0.958024691358025,0.991277967387183
"423","eugenp/tutorials","2016 / 07 / 01",139,3088,22,76,831,4,0.967952910398953,0.997556523787094,0.980263157894737,0.998194945848375
"424","eugenp/tutorials","2016 / 10 / 01",182,4173,22,87,1085,0,0.975524475524476,0.998191839313335,NA,NA
"425","eugenp/tutorials","2017 / 01 / 01",232,5004,37,95,831,15,0.978448275862069,0.998536306090263,0.986666666666667,0.998315282791817
"426","eugenp/tutorials","2017 / 04 / 01",266,5713,42,89,709,5,0.976369495166487,0.998391304710226,0.975280898876404,0.996897038081805
"427","eugenp/tutorials","2017 / 07 / 01",302,6332,52,90,619,10,0.977585328578706,0.99856042567666,0.988888888888889,0.998384491114701
"428","eugenp/tutorials","2017 / 10 / 01",364,7127,56,117,795,4,0.978414442700157,0.998541762713223,0.987179487179487,0.99811320754717
"429","eugenp/tutorials","2018 / 01 / 01",427,7889,67,123,762,11,0.97640602607571,0.998268891314753,0.980044345898005,0.995347172512527
"430","eugenp/tutorials","2018 / 04 / 01",506,8674,74,147,785,7,0.976070932592672,0.998158522829955,0.98153547133139,0.996542311191993
"431","eugenp/tutorials","2018 / 07 / 01",581,9991,91,157,1317,17,0.97331240188383,0.998045493691574,0.975646309479206,0.997096788601545
"432","eugenp/tutorials","2018 / 10 / 01",651,11261,106,171,1270,15,0.972176332492827,0.998037977122578,0.98401559454191,0.997847769028872
"433","eugenp/tutorials","2019 / 01 / 01",712,12518,118,155,1257,12,0.97281470196153,0.998099008614037,0.989247311827957,0.998408910103421
"434","eugenp/tutorials","2019 / 04 / 01",754,13807,125,138,1289,7,0.972912466843502,0.99813370029695,0.986542443064182,0.998337581735565
"435","eugenp/tutorials","2019 / 07 / 01",801,15074,127,135,1267,2,0.974018697101064,0.998221372985137,0.985185185185185,0.998421468034728
"436","eugenp/tutorials","2019 / 10 / 01",854,16478,138,141,1404,11,0.971506635441061,0.998079125263196,0.968407479045777,0.995532245532246
"437","eugenp/tutorials","2020 / 01 / 01",895,17975,165,130,1497,27,0.974464195022854,0.998348885236229,0.990598290598291,0.999183552289765
"438","eugenp/tutorials","2020 / 04 / 01",957,19362,169,141,1387,4,0.974915447063987,0.998401370585585,0.98936170212766,0.998918529199712
"439","eugenp/tutorials","2020 / 07 / 01",964,19655,169,54,293,0,0.975097596307299,0.998425201591356,NA,NA
"440","Blankj/AndroidUtilCode","2016 / 07 / 01",7,138,0,7,138,0,NA,NA,NA,NA
"441","Blankj/AndroidUtilCode","2016 / 10 / 01",11,264,0,6,126,0,NA,NA,NA,NA
"442","Blankj/AndroidUtilCode","2017 / 01 / 01",14,337,0,5,73,0,NA,NA,NA,NA
"443","Blankj/AndroidUtilCode","2017 / 04 / 01",16,465,56,4,128,56,0.9375,0.996697388632872,0.75,0.988002232142857
"444","Blankj/AndroidUtilCode","2017 / 07 / 01",19,570,166,5,105,110,0.947368421052632,0.990572817586134,0.8,0.959480519480519
"445","Blankj/AndroidUtilCode","2017 / 10 / 01",23,662,166,6,92,0,0.956521739130435,0.991882939613439,NA,NA
"446","Blankj/AndroidUtilCode","2018 / 01 / 01",23,794,205,3,132,39,0.956521739130435,0.98970940591018,0.666666666666667,0.972610722610723
"447","Blankj/AndroidUtilCode","2018 / 04 / 01",25,879,445,4,85,240,0.96,0.987910163490176,0.75,0.95578431372549
"448","Blankj/AndroidUtilCode","2018 / 07 / 01",25,922,449,1,43,4,0.96,0.988040427269082,0,0.965116279069767
"449","Blankj/AndroidUtilCode","2018 / 10 / 01",31,1008,505,8,86,56,0.967741935483871,0.98786932264655,0.875,0.983803986710963
"450","Blankj/AndroidUtilCode","2019 / 01 / 01",34,1114,863,5,106,358,0.970588235294118,0.989312260891093,0.8,0.980499631074101
"451","Blankj/AndroidUtilCode","2019 / 04 / 01",35,1166,918,4,52,55,0.971179582944289,0.988353755834333,0.713636363636364,0.956993006993007
"452","Blankj/AndroidUtilCode","2019 / 07 / 01",35,1217,1019,2,51,101,0.971204261881396,0.986850497894161,0.5,0.945447485925063
"453","Blankj/AndroidUtilCode","2019 / 10 / 01",36,1229,1095,3,12,76,0.972019279553526,0.985849578860938,0.666666666666667,0.855263157894737
"454","Blankj/AndroidUtilCode","2020 / 01 / 01",36,1232,1095,1,3,0,0.972019279553526,0.985884036055269,0,NA
"455","facebook/fresco","2015 / 01 / 01",2,2,186,2,2,186,0.5,0.5,0.5,0.5
"456","facebook/fresco","2015 / 04 / 01",29,228,233,28,226,47,0.940654136451088,0.989213914614863,0.853343465045593,0.972415740915082
"457","facebook/fresco","2015 / 07 / 01",39,342,258,15,114,25,0.938382031405287,0.987578766036538,0.773333333333333,0.959649122807018
"458","facebook/fresco","2015 / 10 / 01",47,410,274,13,68,16,0.944401304550396,0.985864340395229,0.817307692307692,0.948529411764706
"459","facebook/fresco","2016 / 01 / 01",67,573,330,30,163,56,0.955947535052013,0.981871066687821,0.942857142857143,0.958150744960561
"460","facebook/fresco","2016 / 04 / 01",93,723,370,37,150,40,0.951525719267655,0.978296138462113,0.845945945945946,0.943333333333333
"461","facebook/fresco","2016 / 07 / 01",105,865,415,19,142,45,0.939850831899025,0.974145831882442,0.774269005847953,0.933489827856025
"462","facebook/fresco","2016 / 10 / 01",117,1108,554,18,243,139,0.940016662038323,0.959099558185301,0.848521183053557,0.882967699914143
"463","facebook/fresco","2017 / 01 / 01",132,1245,604,24,137,50,0.948800923138672,0.956876512673208,0.951666666666667,0.928759124087591
"464","facebook/fresco","2017 / 04 / 01",142,1378,668,21,133,64,0.952159062157375,0.951096355909371,0.885416666666667,0.87077067669173
"465","facebook/fresco","2017 / 07 / 01",156,1498,707,23,120,39,0.954112718964204,0.949030579197533,0.871794871794872,0.910042735042735
"466","facebook/fresco","2017 / 10 / 01",175,1558,728,24,60,21,0.954050235478807,0.948257134393202,0.831349206349207,0.918253968253968
"467","facebook/fresco","2018 / 01 / 01",187,1613,767,18,55,39,0.956082800549401,0.947178684272423,0.893162393162393,0.910955710955711
"468","facebook/fresco","2018 / 04 / 01",200,1693,862,22,80,95,0.957552204176334,0.947993854865743,0.894258373205742,0.93671052631579
"469","facebook/fresco","2018 / 07 / 01",219,1835,971,31,142,109,0.952875395604964,0.943678389929204,0.880733944954128,0.888163845458069
"470","facebook/fresco","2018 / 10 / 01",227,1876,1036,16,41,65,0.94868436718657,0.941976891603758,0.725961538461538,0.855534709193246
"471","facebook/fresco","2019 / 01 / 01",237,1954,1199,18,78,163,0.955310860316086,0.942996253274856,0.91785957736878,0.921267893660532
"472","facebook/fresco","2019 / 04 / 01",251,2039,1341,18,85,142,0.951689142015086,0.938821979600618,0.750391236306729,0.836619718309859
"473","facebook/fresco","2019 / 07 / 01",276,2139,1422,30,100,81,0.954284636865815,0.937408479191276,0.908230452674897,0.905308641975309
"474","facebook/fresco","2019 / 10 / 01",301,2285,1554,35,146,132,0.95350547510016,0.935555311485288,0.862770562770563,0.905354919053549
"475","facebook/fresco","2020 / 01 / 01",314,2405,1813,22,120,259,0.954077241156404,0.941429477336811,0.8994383994384,0.970559845559845
"476","facebook/fresco","2020 / 04 / 01",318,2551,2098,16,146,285,0.956883165158791,0.938582936690182,0.865131578947368,0.87601538091805
"477","facebook/fresco","2020 / 07 / 01",322,2573,2109,11,22,11,0.957618782561575,0.938669927726323,0.87603305785124,0.93801652892562
"478","facebook/stetho","2015 / 01 / 01",9,120,65,9,120,65,0.868376068376068,0.959102564102564,0.868376068376068,0.959102564102564
"479","facebook/stetho","2015 / 04 / 01",13,218,106,8,98,41,0.905660377358491,0.958888696555306,0.838414634146341,0.955450472872075
"480","facebook/stetho","2015 / 07 / 01",23,305,200,14,87,94,0.866956521739131,0.945573770491803,0.667173252279635,0.910002445585718
"481","facebook/stetho","2015 / 10 / 01",25,341,212,10,36,12,0.879245283018868,0.948486692856747,0.883333333333333,0.967592592592592
"482","facebook/stetho","2016 / 01 / 01",27,377,215,6,36,3,0.887166236003445,0.951625439516377,0.833333333333333,0.953703703703704
"483","facebook/stetho","2016 / 04 / 01",30,391,215,4,14,0,0.898449612403101,0.953357520965918,NA,NA
"484","facebook/stetho","2016 / 07 / 01",33,424,227,7,33,12,0.891736750767588,0.955375696118361,0.857142857142857,0.96969696969697
"485","facebook/stetho","2016 / 10 / 01",35,438,229,5,14,2,0.898066126013724,0.955863292855577,0.8,0.928571428571428
"486","facebook/stetho","2017 / 01 / 01",40,492,270,10,54,41,0.881296296296296,0.952694971394159,0.826829268292683,0.92457091237579
"487","facebook/stetho","2017 / 04 / 01",41,501,270,2,9,0,0.884191508581753,0.953544762327198,NA,NA
"488","facebook/stetho","2017 / 07 / 01",45,510,272,6,9,2,0.891666666666667,0.953532295271049,0.833333333333333,0.888888888888889
"489","facebook/stetho","2017 / 10 / 01",48,527,272,5,17,0,0.8984375,0.955031253488112,NA,NA
"490","facebook/stetho","2018 / 01 / 01",49,528,272,1,1,0,0.900510204081633,0.955116421568627,0,0
"491","facebook/stetho","2018 / 04 / 01",52,531,272,3,3,0,0.90625,0.955370001107788,NA,NA
"492","facebook/stetho","2018 / 07 / 01",55,546,272,4,15,0,0.911363636363637,0.956596099978453,NA,NA
"493","facebook/stetho","2018 / 10 / 01",56,563,276,3,17,4,0.908643892339545,0.956753417252298,0.666666666666667,0.941176470588235
"494","facebook/stetho","2019 / 01 / 01",57,579,276,3,16,0,0.91024663107043,0.957948486896447,NA,NA
"495","facebook/stetho","2019 / 10 / 01",58,580,276,1,1,0,0.911794102948526,0.958020989505247,0,0
"496","didi/DoraemonKit","2018 / 07 / 01",2,26,0,2,26,0,NA,NA,NA,NA
"497","didi/DoraemonKit","2018 / 10 / 01",12,140,95,11,114,95,0.916666666666667,0.992857142857143,0.909090909090909,0.991228070175439
"498","didi/DoraemonKit","2019 / 01 / 01",36,273,121,28,133,26,0.972222222222222,0.993854630218266,0.964285714285714,0.983805668016194
"499","didi/DoraemonKit","2019 / 04 / 01",47,408,189,23,135,68,0.977372509287403,0.991817097209254,0.948849104859335,0.984531590413943
"500","didi/DoraemonKit","2019 / 07 / 01",57,544,212,19,136,23,0.977656405163853,0.992178829078801,0.929061784897025,0.989450127877238
"501","didi/DoraemonKit","2019 / 10 / 01",78,732,435,28,188,223,0.972973769525493,0.993508573582061,0.964285714285714,0.992438698597462
"502","didi/DoraemonKit","2020 / 01 / 01",81,995,460,7,263,25,0.973537305421363,0.993423639938825,0.788571428571428,0.968212927756654
"503","didi/DoraemonKit","2020 / 04 / 01",89,1261,527,13,266,67,0.97754941048547,0.992519716438416,0.923076923076923,0.983671866232746
"504","scwang90/SmartRefreshLayout","2017 / 04 / 01",3,152,20,3,152,20,0.433333333333333,0.974342105263158,0.433333333333333,0.974342105263158
"505","scwang90/SmartRefreshLayout","2017 / 07 / 01",7,534,20,7,382,0,0.757142857142857,0.992696629213483,NA,NA
"506","scwang90/SmartRefreshLayout","2017 / 10 / 01",8,648,52,4,114,32,0.735576923076923,0.989316239316239,0.734375,0.969298245614035
"507","scwang90/SmartRefreshLayout","2018 / 01 / 01",9,789,239,3,141,187,0.861924686192469,0.98705527361047,0.666666666666667,0.959684454052414
"508","scwang90/SmartRefreshLayout","2018 / 04 / 01",9,855,248,3,66,9,0.850358422939068,0.986842105263158,0.666666666666667,0.974747474747475
"509","scwang90/SmartRefreshLayout","2018 / 07 / 01",9,902,250,3,47,2,0.848888888888889,0.987166297117517,0.666666666666667,0.978723404255319
"510","scwang90/SmartRefreshLayout","2018 / 10 / 01",9,961,256,2,59,6,0.844618055555556,0.987000845473466,0.5,0.966101694915254
"511","scwang90/SmartRefreshLayout","2019 / 01 / 01",10,994,280,3,33,24,0.846428571428571,0.986483184823226,0.666666666666667,0.962121212121212
"512","scwang90/SmartRefreshLayout","2019 / 04 / 01",10,1039,296,3,45,16,0.825,0.985302916005515,0.416666666666667,0.936111111111111
"513","scwang90/SmartRefreshLayout","2019 / 07 / 01",10,1094,309,4,55,13,0.819741100323625,0.984431112925459,0.75,0.948251748251748
"514","scwang90/SmartRefreshLayout","2019 / 10 / 01",10,1104,310,3,10,1,0.819354838709677,0.984385226741468,0.666666666666667,0.9
"515","scwang90/SmartRefreshLayout","2020 / 01 / 01",10,1111,310,1,7,0,0.819354838709677,0.984483609651287,0,NA
"516","scwang90/SmartRefreshLayout","2020 / 04 / 01",10,1118,314,1,7,4,0.817834394904459,0.983911215432471,0,0.714285714285714
"517","wix/react-native-navigation","2016 / 01 / 01",4,48,0,4,48,0,NA,NA,NA,NA
"518","wix/react-native-navigation","2016 / 04 / 01",13,231,0,12,183,0,NA,NA,NA,NA
"519","wix/react-native-navigation","2016 / 07 / 01",18,908,1,12,677,1,0.944444444444444,0.998898678414097,0.916666666666667,0.998522895125554
"520","wix/react-native-navigation","2016 / 10 / 01",25,1222,2,16,314,1,0.92,0.998363338788871,0.9375,0.996815286624204
"521","wix/react-native-navigation","2017 / 01 / 01",44,1732,3,28,510,1,0.962121212121212,0.998267898383372,0.964285714285714,0.998039215686275
"522","wix/react-native-navigation","2017 / 04 / 01",77,2209,8,42,477,5,0.974025974025974,0.997170665459484,0.957142857142857,0.992872117400419
"523","wix/react-native-navigation","2017 / 07 / 01",103,2439,9,38,230,1,0.975188781014024,0.997038859277481,0.973684210526316,0.995652173913044
"524","wix/react-native-navigation","2017 / 10 / 01",127,2697,17,40,258,8,0.979157017137564,0.996095879953762,0.96875,0.98546511627907
"525","wix/react-native-navigation","2018 / 01 / 01",156,3155,49,42,458,32,0.984170591313448,0.993887253792167,0.952380952380952,0.978711790393014
"526","wix/react-native-navigation","2018 / 04 / 01",193,3580,76,51,425,27,0.988682847013908,0.991502499264923,0.977487291212781,0.97359477124183
"527","wix/react-native-navigation","2018 / 07 / 01",237,3867,118,53,287,42,0.992562397196596,0.991137526133777,0.981132075471698,0.97627343620375
"528","wix/react-native-navigation","2018 / 10 / 01",266,4087,128,40,220,10,0.993186090225564,0.990579887448003,0.97,0.979090909090909
"529","wix/react-native-navigation","2019 / 01 / 01",298,4226,145,47,139,17,0.994237445035871,0.990082739037483,0.978723404255319,0.972492594159966
"530","wix/react-native-navigation","2019 / 04 / 01",312,4310,151,26,84,6,0.993950585838003,0.989937155237318,0.923076923076923,0.976190476190476
"531","wix/react-native-navigation","2019 / 07 / 01",326,4410,177,26,100,26,0.994610238813213,0.989729300383054,0.961538461538462,0.965384615384616
"532","wix/react-native-navigation","2019 / 10 / 01",335,4519,195,19,109,18,0.994381936471489,0.989590390431285,0.929824561403509,0.977573904179409
"533","wix/react-native-navigation","2020 / 01 / 01",350,4682,210,27,163,15,0.994503401360544,0.988979068774025,0.958024691358025,0.970961145194274
"534","wix/react-native-navigation","2020 / 04 / 01",367,4807,221,27,125,11,0.994883302304363,0.98939423747608,0.962962962962963,0.992
"535","wix/react-native-navigation","2020 / 07 / 01",371,4856,247,11,49,26,0.995187533419907,0.989944407019323,0.909090909090909,0.974882260596546
"536","bumptech/glide","2012 / 10 / 01",1,47,0,1,47,0,0,NA,0,NA
"537","bumptech/glide","2013 / 01 / 01",1,129,0,1,82,0,0,NA,0,NA
"538","bumptech/glide","2013 / 04 / 01",1,174,0,1,45,0,0,NA,0,NA
"539","bumptech/glide","2013 / 07 / 01",1,360,0,1,186,0,0,NA,0,NA
"540","bumptech/glide","2013 / 10 / 01",3,412,0,3,52,0,NA,NA,NA,NA
"541","bumptech/glide","2014 / 01 / 01",5,457,0,3,45,0,NA,NA,NA,NA
"542","bumptech/glide","2014 / 04 / 01",6,642,0,3,185,0,NA,NA,NA,NA
"543","bumptech/glide","2014 / 07 / 01",9,822,0,5,180,0,NA,NA,NA,NA
"544","bumptech/glide","2014 / 10 / 01",16,969,0,10,147,0,NA,NA,NA,NA
"545","bumptech/glide","2015 / 01 / 01",19,1125,0,6,156,0,NA,NA,NA,NA
"546","bumptech/glide","2015 / 04 / 01",29,1342,103,14,217,103,0.942082356879812,0.995955898311461,0.88002773925104,0.974989933336316
"547","bumptech/glide","2015 / 07 / 01",36,1371,109,12,29,6,0.948267074413863,0.995416189883498,0.833333333333333,0.931034482758621
"548","bumptech/glide","2015 / 10 / 01",43,1417,139,13,46,30,0.936255646645474,0.99289714311825,0.77948717948718,0.897101449275362
"549","bumptech/glide","2016 / 01 / 01",52,1459,139,13,42,0,0.947288323187604,0.993101611924991,NA,NA
"550","bumptech/glide","2016 / 04 / 01",58,1489,140,10,30,1,0.951231527093596,0.993073011608942,0.9,0.966666666666667
"551","bumptech/glide","2016 / 07 / 01",64,1522,147,11,33,7,0.95078656462585,0.992316769020355,0.857142857142857,0.917748917748918
"552","bumptech/glide","2016 / 10 / 01",66,1525,147,3,3,0,0.952277880849309,0.992331883573102,NA,NA
"553","bumptech/glide","2017 / 01 / 01",73,1579,166,16,54,19,0.957088628486549,0.990370602104427,0.9375,0.913255360623782
"554","bumptech/glide","2017 / 04 / 01",86,1666,173,18,87,7,0.959873638929963,0.990135938768572,0.912698412698413,0.981937602627258
"555","bumptech/glide","2017 / 07 / 01",99,1801,227,21,135,54,0.960619409958617,0.989533470147519,0.911816578483245,0.978052126200274
"556","bumptech/glide","2017 / 10 / 01",116,2102,1462,25,301,1235,0.98047077692344,0.989668493689159,0.944647773279352,0.959651364547326
"557","bumptech/glide","2018 / 01 / 01",123,2190,1860,14,88,398,0.982480986100184,0.987831786713802,0.895190236898779,0.941811329374143
"558","bumptech/glide","2018 / 04 / 01",129,2225,1876,8,35,16,0.982801937158063,0.987539828945161,0.703125,0.917857142857143
"559","bumptech/glide","2018 / 07 / 01",131,2253,2106,9,28,230,0.980317957417194,0.986614871213185,0.766183574879227,0.896894409937888
"560","bumptech/glide","2018 / 10 / 01",138,2283,2157,13,30,51,0.979618095449262,0.985754090167982,0.778280542986425,0.862091503267974
"561","bumptech/glide","2019 / 01 / 01",143,2302,2163,7,19,6,0.98009433931764,0.985658614411156,0.761904761904762,0.912280701754386
"562","bumptech/glide","2019 / 04 / 01",147,2359,2226,5,57,63,0.980606438442403,0.984787285946236,0.8,0.913394597605124
"563","bumptech/glide","2019 / 07 / 01",152,2416,2266,7,57,40,0.980692850838482,0.984127952514278,0.807142857142857,0.913157894736842
"564","bumptech/glide","2019 / 10 / 01",154,2443,2310,4,27,44,0.9796817900714,0.983544113138873,0.568181818181818,0.883838383838384
"565","bumptech/glide","2020 / 01 / 01",160,2487,2327,8,44,17,0.980449613235926,0.983450686155027,0.875,0.961229946524064
"566","bumptech/glide","2020 / 04 / 01",164,2514,2339,6,27,12,0.980930458086112,0.983247469578654,0.833333333333333,0.91358024691358
"567","bumptech/glide","2020 / 07 / 01",164,2517,2353,1,3,14,0.98093508028153,0.982937444839607,0,0.476190476190476
"568","ReactiveX/RxJava","2012 / 01 / 01",1,1,0,1,1,0,0,0,0,0
"569","ReactiveX/RxJava","2012 / 04 / 01",1,12,0,1,11,0,0,NA,0,NA
"570","ReactiveX/RxJava","2012 / 07 / 01",2,23,0,2,11,0,NA,NA,NA,NA
"571","ReactiveX/RxJava","2012 / 10 / 01",2,29,0,1,6,0,NA,NA,0,NA
"572","ReactiveX/RxJava","2013 / 01 / 01",19,393,0,18,364,0,NA,NA,NA,NA
"573","ReactiveX/RxJava","2013 / 04 / 01",26,695,0,14,302,0,NA,NA,NA,NA
"574","ReactiveX/RxJava","2013 / 07 / 01",38,1171,0,22,476,0,NA,NA,NA,NA
"575","ReactiveX/RxJava","2013 / 10 / 01",52,1787,0,24,616,0,NA,NA,NA,NA
"576","ReactiveX/RxJava","2014 / 01 / 01",75,2407,0,34,620,0,NA,NA,NA,NA
"577","ReactiveX/RxJava","2014 / 04 / 01",92,3033,0,30,626,0,NA,NA,NA,NA
"578","ReactiveX/RxJava","2014 / 07 / 01",103,3403,0,29,370,0,NA,NA,NA,NA
"579","ReactiveX/RxJava","2014 / 10 / 01",112,3722,0,20,319,0,NA,NA,NA,NA
"580","ReactiveX/RxJava","2015 / 01 / 01",121,3968,0,19,246,0,NA,NA,NA,NA
"581","ReactiveX/RxJava","2015 / 04 / 01",123,4165,0,13,197,0,NA,NA,NA,NA
"582","ReactiveX/RxJava","2015 / 07 / 01",127,4541,0,13,376,0,NA,NA,NA,NA
"583","ReactiveX/RxJava","2015 / 10 / 01",128,4543,0,2,2,0,NA,NA,NA,NA
"584","ReactiveX/RxJava","2016 / 01 / 01",129,4557,0,7,14,0,NA,NA,NA,NA
"585","ReactiveX/RxJava","2016 / 04 / 01",132,4619,0,9,62,0,NA,NA,NA,NA
"586","ReactiveX/RxJava","2016 / 07 / 01",144,4834,0,22,215,0,NA,NA,NA,NA
"587","ReactiveX/RxJava","2016 / 10 / 01",156,4946,0,23,112,0,NA,NA,NA,NA
"588","ReactiveX/RxJava","2017 / 01 / 01",175,5070,405,28,124,405,0.989347442680776,0.99905568948304,0.93342151675485,0.961389884508164
"589","ReactiveX/RxJava","2017 / 04 / 01",195,5132,505,27,62,100,0.987093170855547,0.998889900681416,0.957777777777778,0.980967741935484
"590","ReactiveX/RxJava","2017 / 07 / 01",208,5177,505,21,45,0,0.987899847677075,0.998899549989768,NA,NA
"591","ReactiveX/RxJava","2017 / 10 / 01",218,5243,522,21,66,17,0.986941544518261,0.998759886380162,0.873949579831933,0.956327985739751
"592","ReactiveX/RxJava","2018 / 01 / 01",227,5326,589,14,83,67,0.983209052900833,0.998248971792922,0.760127931769723,0.937960798417551
"593","ReactiveX/RxJava","2018 / 04 / 01",244,5388,599,22,62,10,0.984297599824845,0.998144953293846,0.954545454545455,0.970967741935484
"594","ReactiveX/RxJava","2018 / 07 / 01",258,5460,619,20,72,20,0.985103505278581,0.998003100830241,0.95,0.979166666666667
"595","ReactiveX/RxJava","2018 / 10 / 01",270,5503,644,18,43,25,0.984195997239476,0.997907409058639,0.944444444444444,0.976744186046512
"596","ReactiveX/RxJava","2019 / 01 / 01",274,5519,646,8,16,2,0.984441029581252,0.997880667797201,0.875,0.9375
"597","ReactiveX/RxJava","2019 / 04 / 01",277,5543,694,4,24,48,0.984924936797095,0.997557477016212,0.75,0.899305555555555
"598","ReactiveX/RxJava","2019 / 07 / 01",279,5581,694,8,38,0,0.985033001766292,0.997574107704867,NA,NA
"599","ReactiveX/RxJava","2019 / 10 / 01",286,5652,3218,9,71,2524,0.993474207582349,0.998579953437779,0.887656277513647,0.962701725407915
"600","ReactiveX/RxJava","2020 / 01 / 01",292,5729,4522,10,77,1304,0.994244273051686,0.997534135977567,0.897699386503067,0.910843757469525
"601","ReactiveX/RxJava","2020 / 04 / 01",300,5754,4522,11,25,0,0.994397759103642,0.997544849672486,NA,NA
"602","ReactiveX/RxJava","2020 / 07 / 01",302,5762,4522,4,8,0,0.99443486003673,0.997548258419903,NA,NA
"603","jenkinsci/jenkins","2006 / 10 / 01",3,280,0,3,280,0,NA,NA,NA,NA
"604","jenkinsci/jenkins","2007 / 01 / 01",5,1067,0,4,787,0,NA,NA,NA,NA
"605","jenkinsci/jenkins","2007 / 04 / 01",9,1583,0,6,516,0,NA,NA,NA,NA
"606","jenkinsci/jenkins","2007 / 07 / 01",10,2219,0,5,636,0,NA,NA,NA,NA
"607","jenkinsci/jenkins","2007 / 10 / 01",14,2748,0,8,529,0,NA,NA,NA,NA
"608","jenkinsci/jenkins","2008 / 01 / 01",26,3528,0,18,780,0,NA,NA,NA,NA
"609","jenkinsci/jenkins","2008 / 04 / 01",36,4316,0,23,788,0,NA,NA,NA,NA
"610","jenkinsci/jenkins","2008 / 07 / 01",43,4941,0,17,625,0,NA,NA,NA,NA
"611","jenkinsci/jenkins","2008 / 10 / 01",47,5383,0,15,442,0,NA,NA,NA,NA
"612","jenkinsci/jenkins","2009 / 01 / 01",54,6335,0,22,952,0,NA,NA,NA,NA
"613","jenkinsci/jenkins","2009 / 04 / 01",62,6890,0,23,555,0,NA,NA,NA,NA
"614","jenkinsci/jenkins","2009 / 07 / 01",66,7460,0,15,570,0,NA,NA,NA,NA
"615","jenkinsci/jenkins","2009 / 10 / 01",73,7931,0,18,471,0,NA,NA,NA,NA
"616","jenkinsci/jenkins","2010 / 01 / 01",83,8410,0,19,479,0,NA,NA,NA,NA
"617","jenkinsci/jenkins","2010 / 04 / 01",98,8782,0,32,372,0,NA,NA,NA,NA
"618","jenkinsci/jenkins","2010 / 07 / 01",101,9156,0,20,374,0,NA,NA,NA,NA
"619","jenkinsci/jenkins","2010 / 10 / 01",118,9610,0,32,454,0,NA,NA,NA,NA
"620","jenkinsci/jenkins","2011 / 01 / 01",156,10497,0,49,887,0,NA,NA,NA,NA
"621","jenkinsci/jenkins","2011 / 04 / 01",193,11392,0,59,895,0,NA,NA,NA,NA
"622","jenkinsci/jenkins","2011 / 07 / 01",221,12135,0,49,743,0,NA,NA,NA,NA
"623","jenkinsci/jenkins","2011 / 10 / 01",237,12739,0,37,604,0,NA,NA,NA,NA
"624","jenkinsci/jenkins","2012 / 01 / 01",265,13271,0,53,532,0,NA,NA,NA,NA
"625","jenkinsci/jenkins","2012 / 04 / 01",288,13811,0,52,540,0,NA,NA,NA,NA
"626","jenkinsci/jenkins","2012 / 07 / 01",310,14391,11,45,580,11,0.993255131964809,0.999564121515341,0.953535353535354,0.989184952978057
"627","jenkinsci/jenkins","2012 / 10 / 01",328,14939,23,45,548,12,0.995360551431601,0.999612918622689,0.977777777777778,0.996958637469586
"628","jenkinsci/jenkins","2013 / 01 / 01",357,15582,34,54,643,11,0.995056846267919,0.999218555346667,0.957912457912458,0.987982468542345
"629","jenkinsci/jenkins","2013 / 04 / 01",382,16227,41,44,645,7,0.995594432384115,0.998961381738056,0.970779220779221,0.991805094130676
"630","jenkinsci/jenkins","2013 / 07 / 01",406,16925,47,55,698,6,0.99606959438214,0.998819573210975,0.981818181818182,0.995224450811843
"631","jenkinsci/jenkins","2013 / 10 / 01",436,17630,56,61,705,9,0.9961500655308,0.998547524511791,0.972677595628415,0.991646966115052
"632","jenkinsci/jenkins","2014 / 01 / 01",453,18163,74,44,533,18,0.996360599009606,0.998141454784079,0.974747474747475,0.984365228267667
"633","jenkinsci/jenkins","2014 / 04 / 01",470,18831,137,44,668,63,0.995170057462339,0.998152991243277,0.964285714285714,0.989568482083452
"634","jenkinsci/jenkins","2014 / 07 / 01",487,19437,150,41,606,13,0.995290896646133,0.997995575448886,0.941838649155722,0.992764661081493
"635","jenkinsci/jenkins","2014 / 10 / 01",503,20012,172,39,575,22,0.994428776180128,0.997531713530019,0.89044289044289,0.9799209486166
"636","jenkinsci/jenkins","2015 / 01 / 01",525,20675,191,46,663,19,0.993966591872351,0.997125040359084,0.925629290617849,0.983091212193379
"637","jenkinsci/jenkins","2015 / 04 / 01",543,21133,220,40,458,29,0.993052067637703,0.996736684977826,0.907758620689655,0.978843547658485
"638","jenkinsci/jenkins","2015 / 07 / 01",557,21529,226,39,396,6,0.993104653564449,0.996667594276005,0.923076923076923,0.992424242424243
"639","jenkinsci/jenkins","2015 / 10 / 01",574,22071,230,44,542,4,0.992773822148159,0.996618423152164,0.943181818181818,0.992619926199262
"640","jenkinsci/jenkins","2016 / 01 / 01",594,23061,249,52,990,19,0.991934066231255,0.996555146478109,0.936234817813765,0.994630515683147
"641","jenkinsci/jenkins","2016 / 04 / 01",616,23645,283,64,584,34,0.990712908999128,0.996423690528403,0.954044117647059,0.989524576954069
"642","jenkinsci/jenkins","2016 / 07 / 01",641,24036,315,54,391,32,0.990793155535745,0.996075595601305,0.934027777777777,0.973625319693095
"643","jenkinsci/jenkins","2016 / 10 / 01",655,24419,330,41,383,15,0.990229007633588,0.995954963037974,0.907317073170732,0.98798955613577
"644","jenkinsci/jenkins","2017 / 01 / 01",673,24986,349,42,567,19,0.989871294337036,0.995850168931277,0.903508771929824,0.990253411306043
"645","jenkinsci/jenkins","2017 / 04 / 01",686,25367,390,32,381,41,0.990692980488899,0.995979027870852,0.95655487804878,0.993150246463095
"646","jenkinsci/jenkins","2017 / 07 / 01",702,25688,403,41,321,13,0.990693021710392,0.995894907626003,0.953095684803002,0.988737119578241
"647","jenkinsci/jenkins","2017 / 10 / 01",727,26155,434,47,467,31,0.990891169441997,0.995727878906941,0.958133150308854,0.985977757822754
"648","jenkinsci/jenkins","2018 / 01 / 01",748,26688,450,56,533,16,0.990368389780155,0.995615674127365,0.959821428571428,0.989446529080675
"649","jenkinsci/jenkins","2018 / 04 / 01",763,27101,468,37,413,18,0.990304802231408,0.995419319374157,0.906906906906907,0.981167608286252
"650","jenkinsci/jenkins","2018 / 07 / 01",782,27412,485,46,311,17,0.9901626809397,0.995314791776039,0.934782608695652,0.9854359750331
"651","jenkinsci/jenkins","2018 / 10 / 01",799,27770,512,44,358,27,0.989762593867335,0.995287039746131,0.933501683501683,0.98975791433892
"652","jenkinsci/jenkins","2019 / 01 / 01",816,28191,518,38,421,6,0.989756037550155,0.995256434013484,0.912280701754386,0.992082343626287
"653","jenkinsci/jenkins","2019 / 04 / 01",827,28485,521,43,294,3,0.989818203761253,0.995237214454718,0.96124031007752,0.989795918367347
"654","jenkinsci/jenkins","2019 / 07 / 01",852,28807,542,55,322,21,0.989302357812311,0.995241137192849,0.950649350649351,0.991570541259982
"655","jenkinsci/jenkins","2019 / 10 / 01",875,29121,570,57,314,28,0.987897744360902,0.995021257343069,0.892230576441102,0.97361237488626
"656","jenkinsci/jenkins","2020 / 01 / 01",892,29742,2234,50,621,1664,0.995292884929604,0.998548152728805,0.977283653846154,0.997998730335687
"657","jenkinsci/jenkins","2020 / 04 / 01",909,30162,2312,52,420,78,0.994623164738619,0.998437245104807,0.923570019723866,0.983577533577534
"658","jenkinsci/jenkins","2020 / 07 / 01",913,30278,2375,20,116,63,0.994424857324033,0.998392816045001,0.888095238095238,0.976600985221675
"659","apache/flink","2010 / 10 / 01",5,30,0,5,30,0,NA,NA,NA,NA
"660","apache/flink","2011 / 01 / 01",17,714,0,16,684,0,NA,NA,NA,NA
"661","apache/flink","2011 / 04 / 01",19,968,0,12,254,0,NA,NA,NA,NA
"662","apache/flink","2011 / 07 / 01",25,1461,0,15,493,0,NA,NA,NA,NA
"663","apache/flink","2011 / 10 / 01",27,1917,0,16,456,0,NA,NA,NA,NA
"664","apache/flink","2012 / 01 / 01",28,2441,0,11,524,0,NA,NA,NA,NA
"665","apache/flink","2012 / 04 / 01",32,2822,0,12,381,0,NA,NA,NA,NA
"666","apache/flink","2012 / 07 / 01",33,3182,0,12,360,0,NA,NA,NA,NA
"667","apache/flink","2012 / 10 / 01",34,3435,0,6,253,0,NA,NA,NA,NA
"668","apache/flink","2013 / 01 / 01",34,3489,0,2,54,0,NA,NA,NA,NA
"669","apache/flink","2013 / 04 / 01",40,3556,0,8,67,0,NA,NA,NA,NA
"670","apache/flink","2013 / 07 / 01",47,3651,0,16,95,0,NA,NA,NA,NA
"671","apache/flink","2013 / 10 / 01",52,3941,0,14,290,0,NA,NA,NA,NA
"672","apache/flink","2014 / 01 / 01",65,4167,0,22,226,0,NA,NA,NA,NA
"673","apache/flink","2014 / 04 / 01",81,4621,0,30,454,0,NA,NA,NA,NA
"674","apache/flink","2014 / 07 / 01",102,5516,3,40,895,3,0.990196078431373,0.999818709209572,0.975,0.998882681564246
"675","apache/flink","2014 / 10 / 01",118,5904,3,36,388,0,0.991525423728814,0.999830623306233,NA,NA
"676","apache/flink","2015 / 01 / 01",142,6635,3,50,731,0,0.992957746478873,0.999849284099472,NA,NA
"677","apache/flink","2015 / 04 / 01",162,7189,3,50,554,0,0.993827160493827,0.999860898595076,NA,NA
"678","apache/flink","2015 / 07 / 01",198,7676,3,66,487,0,0.994949494949495,0.999869723814486,NA,NA
"679","apache/flink","2015 / 10 / 01",225,8134,3,58,458,0,0.995555555555556,0.999877059257438,NA,NA
"680","apache/flink","2016 / 01 / 01",246,8671,3,51,537,0,0.995934959349594,0.999884673048091,NA,NA
"681","apache/flink","2016 / 04 / 01",292,9066,22,73,395,19,0.99626400996264,0.999528708661733,0.984859408795963,0.991339107261825
"682","apache/flink","2016 / 07 / 01",325,9522,28,63,456,6,0.995384615384616,0.999324871725628,0.968253968253968,0.993421052631579
"683","apache/flink","2016 / 10 / 01",373,10125,46,79,603,18,0.994404942300967,0.999029522275899,0.973277074542897,0.994103556292611
"684","apache/flink","2017 / 01 / 01",427,10796,93,100,671,47,0.990506408803606,0.998582708848756,0.969574468085106,0.99077274312712
"685","apache/flink","2017 / 04 / 01",463,11436,118,82,640,25,0.990555331844639,0.99805994747482,0.969268292682927,0.9881875
"686","apache/flink","2017 / 07 / 01",487,11982,171,62,546,53,0.98812397180494,0.997432308306514,0.951612903225806,0.983723823346465
"687","apache/flink","2017 / 10 / 01",506,12595,356,57,613,185,0.989330283785584,0.996812985356236,0.950023707918445,0.979533530267625
"688","apache/flink","2018 / 01 / 01",537,13512,762,75,917,406,0.989335131991183,0.995622633094488,0.952183908045977,0.976502946532653
"689","apache/flink","2018 / 04 / 01",580,14052,950,84,540,188,0.989749546279492,0.994659235621079,0.954407294832827,0.968912529550828
"690","apache/flink","2018 / 07 / 01",633,14697,1632,97,645,682,0.991400272589289,0.994422881420377,0.97324424826919,0.974261747254995
"691","apache/flink","2018 / 10 / 01",682,15351,1873,105,654,241,0.990127494743171,0.993652674072024,0.925350721201343,0.975325795931834
"692","apache/flink","2019 / 01 / 01",737,16209,2259,124,858,386,0.98950376693137,0.992583951592266,0.948980444593013,0.973157239996619
"693","apache/flink","2019 / 04 / 01",807,17244,2439,140,1035,180,0.987779642356522,0.991437586029761,0.894365079365079,0.963478260869568
"694","apache/flink","2019 / 07 / 01",862,18414,2604,149,1170,165,0.985981766406136,0.990959885427444,0.929916615822656,0.981419321419322
"695","apache/flink","2019 / 10 / 01",917,19904,3034,147,1490,430,0.983133358110084,0.989097768166573,0.912925170068027,0.962718901201811
"696","apache/flink","2020 / 01 / 01",970,21032,3291,156,1128,257,0.980893533441721,0.987999259480915,0.891225182081214,0.964583850760274
"697","apache/flink","2020 / 04 / 01",1055,22879,3837,180,1847,546,0.979044400554837,0.985696413340293,0.906084656084656,0.955889265039239
"698","apache/flink","2020 / 07 / 01",1068,23076,3887,59,197,50,0.978808406779923,0.985666996356542,0.949152542372881,0.980913705583756
"699","realm/realm-java","2012 / 04 / 01",6,278,0,6,278,0,NA,NA,NA,NA
"700","realm/realm-java","2012 / 07 / 01",9,549,0,7,271,0,NA,NA,NA,NA
"701","realm/realm-java","2012 / 10 / 01",9,669,0,4,120,0,NA,NA,NA,NA
"702","realm/realm-java","2013 / 01 / 01",9,723,0,5,54,0,NA,NA,NA,NA
"703","realm/realm-java","2013 / 04 / 01",9,850,0,6,127,0,NA,NA,NA,NA
"704","realm/realm-java","2013 / 07 / 01",13,1308,0,9,458,0,NA,NA,NA,NA
"705","realm/realm-java","2013 / 10 / 01",17,1788,0,13,480,0,NA,NA,NA,NA
"706","realm/realm-java","2014 / 01 / 01",18,1876,0,9,88,0,NA,NA,NA,NA
"707","realm/realm-java","2014 / 04 / 01",18,1980,0,5,104,0,NA,NA,NA,NA
"708","realm/realm-java","2014 / 07 / 01",25,2506,0,12,526,0,NA,NA,NA,NA
"709","realm/realm-java","2014 / 10 / 01",29,3276,0,13,770,0,NA,NA,NA,NA
"710","realm/realm-java","2015 / 01 / 01",35,3864,0,12,588,0,NA,NA,NA,NA
"711","realm/realm-java","2015 / 04 / 01",43,4248,0,14,384,0,NA,NA,NA,NA
"712","realm/realm-java","2015 / 07 / 01",48,4467,0,14,219,0,NA,NA,NA,NA
"713","realm/realm-java","2015 / 10 / 01",55,5057,1,13,590,1,0.981818181818182,0.999802254300969,0.923076923076923,0.998305084745763
"714","realm/realm-java","2016 / 01 / 01",62,5584,8,17,527,7,0.979838709677419,0.999686604584527,0.941176470588235,0.99756031444836
"715","realm/realm-java","2016 / 04 / 01",71,5879,8,18,295,0,0.982394366197183,0.999702330328287,NA,NA
"716","realm/realm-java","2016 / 07 / 01",73,6176,8,13,297,0,0.982876712328767,0.99971664507772,NA,NA
"717","realm/realm-java","2016 / 10 / 01",80,6451,8,15,275,0,0.984375,0.999728724228802,NA,NA
"718","realm/realm-java","2017 / 01 / 01",85,6823,8,14,372,0,0.985294117647059,0.999743514583028,NA,NA
"719","realm/realm-java","2017 / 04 / 01",87,7202,8,11,379,0,0.985632183908046,0.999757011941127,NA,NA
"720","realm/realm-java","2017 / 07 / 01",92,7603,197,14,401,189,0.982509379827853,0.999650819106271,0.896069538926682,0.994656216601354
"721","realm/realm-java","2017 / 10 / 01",97,7825,285,11,222,88,0.983468981732682,0.999460568353792,0.859504132231405,0.991400491400491
"722","realm/realm-java","2018 / 01 / 01",99,7955,313,8,130,28,0.983121954367961,0.999291140460618,0.785714285714286,0.98021978021978
"723","realm/realm-java","2018 / 04 / 01",100,8033,325,7,78,12,0.982246153846154,0.999209798044605,0.80952380952381,0.982905982905983
"724","realm/realm-java","2018 / 07 / 01",102,8116,332,6,83,7,0.982341129222774,0.999133052664082,0.833333333333333,0.977624784853701
"725","realm/realm-java","2018 / 10 / 01",102,8146,347,4,30,15,0.979629315703227,0.999052239001338,0.716666666666667,0.962222222222222
"726","realm/realm-java","2019 / 01 / 01",102,8172,357,2,26,10,0.979376064151151,0.998947351823745,0.5,0.923076923076923
"727","realm/realm-java","2019 / 04 / 01",102,8196,358,2,24,1,0.97935151714317,0.998931213209333,0.5,0.958333333333333
"728","realm/realm-java","2019 / 07 / 01",106,8243,378,6,47,20,0.97968453628831,0.998849753550712,0.833333333333333,0.976595744680851
"729","realm/realm-java","2019 / 10 / 01",108,8276,409,5,33,31,0.976885810015394,0.998799663444893,0.8,0.96969696969697
"730","realm/realm-java","2020 / 01 / 01",111,8292,409,5,16,0,0.977510517852816,0.998801979579104,NA,NA
"731","realm/realm-java","2020 / 04 / 01",112,8312,409,4,20,0,0.977711316800559,0.998804862207643,NA,NA
"732","realm/realm-java","2020 / 07 / 01",112,8318,409,3,6,0,0.977711316800559,0.99880572429309,NA,NA
